⚠ Fast Refresh had to perform a full reload when ./src/lib/SessionContext.tsx changed. Read more: https://nextjs.org/docs/messages/fast-refresh-reload
⚠ Fast Refresh had to perform a full reload when ./src/lib/SessionContext.tsx changed. Read more: https://nextjs.org/docs/messages/fast-refresh-reload
⚠ Fast Refresh had to perform a full reload when ./src/lib/SessionContext.tsx changed. Read more: https://nextjs.org/docs/messages/fast-refresh-reload
⨯ ./src/app/results/page.tsx:149:18
Expected '</', got 'ident'
  [90m147 |[0m                 )}
  [90m148 |[0m               </div>
[31m[1m>[0m [90m149 |[0m               <p className=[32m"mt-2 text-xs text-slate-400"[0m>
  [90m    |[0m                  [31m[1m^^^^^^^^^[0m
  [90m150 |[0m                 [33mUbah[0m preferensi mode narasi di halaman{[32m" "[0m}
  [90m151 |[0m                 <a href=[32m"/pengaturan"[0m className=[32m"underline"[0m>
  [90m152 |[0m                   [33mPengaturan[0m

Parsing ecmascript source code failed

Import traces:
  Client Component Browser:
    ./src/app/results/page.tsx [Client Component Browser]
    ./src/app/results/page.tsx [Server Component]

  Client Component SSR:
    ./src/app/results/page.tsx [Client Component SSR]
    ./src/app/results/page.tsx [Server Component]


[browser] ./src/app/results/page.tsx:149:18
Expected '</', got 'ident'
  147 |                 )}
  148 |               </div>
> 149 |               <p className="mt-2 text-xs text-slate-400">
      |                  ^^^^^^^^^
  150 |                 Ubah preferensi mode narasi di halaman{" "}
  151 |                 <a href="/pengaturan" className="underline">
  152 |                   Pengaturan

Parsing ecmascript source code failed

Import traces:
  Client Component Browser:
    ./src/app/results/page.tsx [Client Component Browser]
    ./src/app/results/page.tsx [Server Component]

  Client Component SSR:
    ./src/app/results/page.tsx [Client Component SSR]
    ./src/app/results/page.tsx [Server Component] 
    at handleErrors (file://C:/Users/saminur muzaqi/OneDrive/Documents/Symmetrics/frontend/.next/dev/static/chunks/node_modules_next_dist_client_0r5nbpw._.js:13951:21)
    at processMessage (file://C:/Users/saminur muzaqi/OneDrive/Documents/Symmetrics/frontend/.next/dev/static/chunks/node_modules_next_dist_client_0r5nbpw._.js:14014:21)
    at WebSocket.handleMessage (file://C:/Users/saminur muzaqi/OneDrive/Documents/Symmetrics/frontend/.next/dev/static/chunks/node_modules_next_dist_client_0r5nbpw._.js:13458:52) (file://C:/Users/saminur muzaqi/OneDrive/Documents/Symmetrics/frontend/.next/dev/static/chunks/node_modules_next_dist_client_0r5nbpw._.js:13951:21)
[browser] ./src/app/results/page.tsx:149:18
Expected '</', got 'ident'
  147 |                 )}
  148 |               </div>
> 149 |               <p className="mt-2 text-xs text-slate-400">
      |                  ^^^^^^^^^
  150 |                 Ubah preferensi mode narasi di halaman{" "}
  151 |                 <a href="/pengaturan" className="underline">
  152 |                   Pengaturan

Parsing ecmascript source code failed

Import traces:
  Client Component Browser:
    ./src/app/results/page.tsx [Client Component Browser]
    ./src/app/results/page.tsx [Server Component]

  Client Component SSR:
    ./src/app/results/page.tsx [Client Component SSR]
    ./src/app/results/page.tsx [Server Component] 
    at handleErrors (file://C:/Users/saminur muzaqi/OneDrive/Documents/Symmetrics/frontend/.next/dev/static/chunks/node_modules_next_dist_client_0r5nbpw._.js:13951:21)
    at processMessage (file://C:/Users/saminur muzaqi/OneDrive/Documents/Symmetrics/frontend/.next/dev/static/chunks/node_modules_next_dist_client_0r5nbpw._.js:14014:21)
    at WebSocket.handleMessage (file://C:/Users/saminur muzaqi/OneDrive/Documents/Symmetrics/frontend/.next/dev/static/chunks/node_modules_next_dist_client_0r5nbpw._.js:13458:52) (file://C:/Users/saminur muzaqi/OneDrive/Documents/Symmetrics/frontend/.next/dev/static/chunks/node_modules_next_dist_client_0r5nbpw._.js:13951:21)
[browser] ./src/app/results/page.tsx:149:18
Expected '</', got 'ident'
  147 |                 )}
  148 |               </div>
> 149 |               <p className="mt-2 text-xs text-slate-400">
      |                  ^^^^^^^^^
  150 |                 Ubah preferensi mode narasi di halaman{" "}
  151 |                 <a href="/pengaturan" className="underline">
  152 |                   Pengaturan

Parsing ecmascript source code failed

Import traces:
  Client Component Browser:
    ./src/app/results/page.tsx [Client Component Browser]
    ./src/app/results/page.tsx [Server Component]

  Client Component SSR:
    ./src/app/results/page.tsx [Client Component SSR]
    ./src/app/results/page.tsx [Server Component] 
    at handleErrors (file://C:/Users/saminur muzaqi/OneDrive/Documents/Symmetrics/frontend/.next/dev/static/chunks/node_modules_next_dist_client_0r5nbpw._.js:13951:21)
    at processMessage (file://C:/Users/saminur muzaqi/OneDrive/Documents/Symmetrics/frontend/.next/dev/static/chunks/node_modules_next_dist_client_0r5nbpw._.js:14014:21)
    at WebSocket.handleMessage (file://C:/Users/saminur muzaqi/OneDrive/Documents/Symmetrics/frontend/.next/dev/static/chunks/node_modules_next_dist_client_0r5nbpw._.js:13458:52) (file://C:/Users/saminur muzaqi/OneDrive/Documents/Symmetrics/frontend/.next/dev/static/chunks/node_modules_next_dist_client_0r5nbpw._.js:13951:21)
[browser] ./src/app/results/page.tsx:149:18
Expected '</', got 'ident'
  147 |                 )}
  148 |               </div>
> 149 |               <p className="mt-2 text-xs text-slate-400">
      |                  ^^^^^^^^^
  150 |                 Ubah preferensi mode narasi di halaman{" "}
  151 |                 <a href="/pengaturan" className="underline">
  152 |                   Pengaturan

Parsing ecmascript source code failed

Import traces:
  Client Component Browser:
    ./src/app/results/page.tsx [Client Component Browser]
    ./src/app/results/page.tsx [Server Component]

  Client Component SSR:
    ./src/app/results/page.tsx [Client Component SSR]
    ./src/app/results/page.tsx [Server Component] 
    at handleErrors (file://C:/Users/saminur muzaqi/OneDrive/Documents/Symmetrics/frontend/.next/dev/static/chunks/node_modules_next_dist_client_0r5nbpw._.js:13951:21)
    at processMessage (file://C:/Users/saminur muzaqi/OneDrive/Documents/Symmetrics/frontend/.next/dev/static/chunks/node_modules_next_dist_client_0r5nbpw._.js:14014:21)
    at WebSocket.handleMessage (file://C:/Users/saminur muzaqi/OneDrive/Documents/Symmetrics/frontend/.next/dev/static/chunks/node_modules_next_dist_client_0r5nbpw._.js:13458:52) (file://C:/Users/saminur muzaqi/OneDrive/Documents/Symmetrics/frontend/.next/dev/static/chunks/node_modules_next_dist_client_0r5nbpw._.js:13951:21)
[browser] ./src/app/results/page.tsx:149:18
Expected '</', got 'ident'
  147 |                 )}
  148 |               </div>
> 149 |               <p className="mt-2 text-xs text-slate-400">
      |                  ^^^^^^^^^
  150 |                 Ubah preferensi mode narasi di halaman{" "}
  151 |                 <a href="/pengaturan" className="underline">
  152 |                   Pengaturan

Parsing ecmascript source code failed

Import traces:
  Client Component Browser:
    ./src/app/results/page.tsx [Client Component Browser]
    ./src/app/results/page.tsx [Server Component]

  Client Component SSR:
    ./src/app/results/page.tsx [Client Component SSR]
    ./src/app/results/page.tsx [Server Component] 
    at handleErrors (file://C:/Users/saminur muzaqi/OneDrive/Documents/Symmetrics/frontend/.next/dev/static/chunks/node_modules_next_dist_client_0r5nbpw._.js:13951:21)
    at processMessage (file://C:/Users/saminur muzaqi/OneDrive/Documents/Symmetrics/frontend/.next/dev/static/chunks/node_modules_next_dist_client_0r5nbpw._.js:14014:21)
    at WebSocket.handleMessage (file://C:/Users/saminur muzaqi/OneDrive/Documents/Symmetrics/frontend/.next/dev/static/chunks/node_modules_next_dist_client_0r5nbpw._.js:13458:52) (file://C:/Users/saminur muzaqi/OneDrive/Documents/Symmetrics/frontend/.next/dev/static/chunks/node_modules_next_dist_client_0r5nbpw._.js:13951:21)
⨯ ./src/app/results/page.tsx:149:18
Expected '</', got 'ident'
  [90m147 |[0m                 )}
  [90m148 |[0m               </div>
[31m[1m>[0m [90m149 |[0m               <p className=[32m"mt-2 text-xs text-slate-400"[0m>
  [90m    |[0m                  [31m[1m^^^^^^^^^[0m
  [90m150 |[0m                 [33mUbah[0m preferensi mode narasi di halaman{[32m" "[0m}
  [90m151 |[0m                 <a href=[32m"/pengaturan"[0m className=[32m"underline"[0m>
  [90m152 |[0m                   [33mPengaturan[0m

Parsing ecmascript source code failed

Import traces:
  Client Component Browser:
    ./src/app/results/page.tsx [Client Component Browser]
    ./src/app/results/page.tsx [Server Component]

  Client Component SSR:
    ./src/app/results/page.tsx [Client Component SSR]
    ./src/app/results/page.tsx [Server Component]


[browser] ./src/app/results/page.tsx:149:18
Expected '</', got 'ident'
  147 |                 )}
  148 |               </div>
> 149 |               <p className="mt-2 text-xs text-slate-400">
      |                  ^^^^^^^^^
  150 |                 Ubah preferensi mode narasi di halaman{" "}
  151 |                 <a href="/pengaturan" className="underline">
  152 |                   Pengaturan

Parsing ecmascript source code failed

Import traces:
  Client Component Browser:
    ./src/app/results/page.tsx [Client Component Browser]
    ./src/app/results/page.tsx [Server Component]

  Client Component SSR:
    ./src/app/results/page.tsx [Client Component SSR]
    ./src/app/results/page.tsx [Server Component] 
    at handleErrors (file://C:/Users/saminur muzaqi/OneDrive/Documents/Symmetrics/frontend/.next/dev/static/chunks/node_modules_next_dist_client_0r5nbpw._.js:13951:21)
    at processMessage (file://C:/Users/saminur muzaqi/OneDrive/Documents/Symmetrics/frontend/.next/dev/static/chunks/node_modules_next_dist_client_0r5nbpw._.js:14014:21)
    at WebSocket.handleMessage (file://C:/Users/saminur muzaqi/OneDrive/Documents/Symmetrics/frontend/.next/dev/static/chunks/node_modules_next_dist_client_0r5nbpw._.js:13458:52) (file://C:/Users/saminur muzaqi/OneDrive/Documents/Symmetrics/frontend/.next/dev/static/chunks/node_modules_next_dist_client_0r5nbpw._.js:13951:21)
⨯ ./src/app/results/page.tsx:149:18
Expected '</', got 'ident'
  [90m147 |[0m                 )}
  [90m148 |[0m               </div>
[31m[1m>[0m [90m149 |[0m               <p className=[32m"mt-2 text-xs text-slate-400"[0m>
  [90m    |[0m                  [31m[1m^^^^^^^^^[0m
  [90m150 |[0m                 [33mUbah[0m preferensi mode narasi di halaman{[32m" "[0m}
  [90m151 |[0m                 <a href=[32m"/pengaturan"[0m className=[32m"underline"[0m>
  [90m152 |[0m                   [33mPengaturan[0m

Parsing ecmascript source code failed

Import traces:
  Client Component Browser:
    ./src/app/results/page.tsx [Client Component Browser]
    ./src/app/results/page.tsx [Server Component]

  Client Component SSR:
    ./src/app/results/page.tsx [Client Component SSR]
    ./src/app/results/page.tsx [Server Component]


[browser] Uncaught Error: ./src/app/results/page.tsx:149:18
Expected '</', got 'ident'
  147 |                 )}
  148 |               </div>
> 149 |               <p className="mt-2 text-xs text-slate-400">
      |                  ^^^^^^^^^
  150 |                 Ubah preferensi mode narasi di halaman{" "}
  151 |                 <a href="/pengaturan" className="underline">
  152 |                   Pengaturan

Parsing ecmascript source code failed

Import traces:
  Client Component Browser:
    ./src/app/results/page.tsx [Client Component Browser]
    ./src/app/results/page.tsx [Server Component]

  Client Component SSR:
    ./src/app/results/page.tsx [Client Component SSR]
    ./src/app/results/page.tsx [Server Component]


    at <unknown> (Error: ./src/app/results/page.tsx:149:18)
    at <unknown> (Error: (./src/app/results/page.tsx:149:18)
[browser] ./src/app/results/page.tsx:149:18
Expected '</', got 'ident'
  147 |                 )}
  148 |               </div>
> 149 |               <p className="mt-2 text-xs text-slate-400">
      |                  ^^^^^^^^^
  150 |                 Ubah preferensi mode narasi di halaman{" "}
  151 |                 <a href="/pengaturan" className="underline">
  152 |                   Pengaturan

Parsing ecmascript source code failed

Import traces:
  Client Component Browser:
    ./src/app/results/page.tsx [Client Component Browser]
    ./src/app/results/page.tsx [Server Component]

  Client Component SSR:
    ./src/app/results/page.tsx [Client Component SSR]
    ./src/app/results/page.tsx [Server Component] 
    at handleErrors (file://C:/Users/saminur muzaqi/OneDrive/Documents/Symmetrics/frontend/.next/dev/static/chunks/node_modules_next_dist_client_16lnmlo._.js:2774:21)
    at processMessage (file://C:/Users/saminur muzaqi/OneDrive/Documents/Symmetrics/frontend/.next/dev/static/chunks/node_modules_next_dist_client_16lnmlo._.js:2835:28)
    at <unknown> (file://C:/Users/saminur muzaqi/OneDrive/Documents/Symmetrics/frontend/.next/dev/static/chunks/node_modules_next_dist_client_16lnmlo._.js:2680:13)
    at WebSocket.handleMessage (file://C:/Users/saminur muzaqi/OneDrive/Documents/Symmetrics/frontend/.next/dev/static/chunks/node_modules_next_dist_client_16lnmlo._.js:2325:17) (file://C:/Users/saminur muzaqi/OneDrive/Documents/Symmetrics/frontend/.next/dev/static/chunks/node_modules_next_dist_client_16lnmlo._.js:2774:21)
[browser] ./src/app/results/page.tsx:149:18
Expected '</', got 'ident'
  147 |                 )}
  148 |               </div>
> 149 |               <p className="mt-2 text-xs text-slate-400">
      |                  ^^^^^^^^^
  150 |                 Ubah preferensi mode narasi di halaman{" "}
  151 |                 <a href="/pengaturan" className="underline">
  152 |                   Pengaturan

Parsing ecmascript source code failed

Import traces:
  Client Component Browser:
    ./src/app/results/page.tsx [Client Component Browser]
    ./src/app/results/page.tsx [Server Component]

  Client Component SSR:
    ./src/app/results/page.tsx [Client Component SSR]
    ./src/app/results/page.tsx [Server Component] 
    at handleErrors (file://C:/Users/saminur muzaqi/OneDrive/Documents/Symmetrics/frontend/.next/dev/static/chunks/node_modules_next_dist_client_16lnmlo._.js:2774:21)
    at processMessage (file://C:/Users/saminur muzaqi/OneDrive/Documents/Symmetrics/frontend/.next/dev/static/chunks/node_modules_next_dist_client_16lnmlo._.js:2835:28)
    at <unknown> (file://C:/Users/saminur muzaqi/OneDrive/Documents/Symmetrics/frontend/.next/dev/static/chunks/node_modules_next_dist_client_16lnmlo._.js:2680:13)
    at WebSocket.handleMessage (file://C:/Users/saminur muzaqi/OneDrive/Documents/Symmetrics/frontend/.next/dev/static/chunks/node_modules_next_dist_client_16lnmlo._.js:2325:17) (file://C:/Users/saminur muzaqi/OneDrive/Documents/Symmetrics/frontend/.next/dev/static/chunks/node_modules_next_dist_client_16lnmlo._.js:2774:21)
[browser] ./src/app/results/page.tsx:149:18
Expected '</', got 'ident'
  147 |                 )}
  148 |               </div>
> 149 |               <p className="mt-2 text-xs text-slate-400">
      |                  ^^^^^^^^^
  150 |                 Ubah preferensi mode narasi di halaman{" "}
  151 |                 <a href="/pengaturan" className="underline">
  152 |                   Pengaturan

Parsing ecmascript source code failed

Import traces:
  Client Component Browser:
    ./src/app/results/page.tsx [Client Component Browser]
    ./src/app/results/page.tsx [Server Component]

  Client Component SSR:
    ./src/app/results/page.tsx [Client Component SSR]
    ./src/app/results/page.tsx [Server Component] 
    at handleErrors (file://C:/Users/saminur muzaqi/OneDrive/Documents/Symmetrics/frontend/.next/dev/static/chunks/node_modules_next_dist_client_16lnmlo._.js:2774:21)
    at processMessage (file://C:/Users/saminur muzaqi/OneDrive/Documents/Symmetrics/frontend/.next/dev/static/chunks/node_modules_next_dist_client_16lnmlo._.js:2835:28)
    at <unknown> (file://C:/Users/saminur muzaqi/OneDrive/Documents/Symmetrics/frontend/.next/dev/static/chunks/node_modules_next_dist_client_16lnmlo._.js:2680:13)
    at WebSocket.handleMessage (file://C:/Users/saminur muzaqi/OneDrive/Documents/Symmetrics/frontend/.next/dev/static/chunks/node_modules_next_dist_client_16lnmlo._.js:2325:17) (file://C:/Users/saminur muzaqi/OneDrive/Documents/Symmetrics/frontend/.next/dev/static/chunks/node_modules_next_dist_client_16lnmlo._.js:2774:21)
[browser] ./src/app/results/page.tsx:149:18
Expected '</', got 'ident'
  147 |                 )}
  148 |               </div>
> 149 |               <p className="mt-2 text-xs text-slate-400">
      |                  ^^^^^^^^^
  150 |                 Ubah preferensi mode narasi di halaman{" "}
  151 |                 <a href="/pengaturan" className="underline">
  152 |                   Pengaturan

Parsing ecmascript source code failed

Import traces:
  Client Component Browser:
    ./src/app/results/page.tsx [Client Component Browser]
    ./src/app/results/page.tsx [Server Component]

  Client Component SSR:
    ./src/app/results/page.tsx [Client Component SSR]
    ./src/app/results/page.tsx [Server Component] 
    at handleErrors (file://C:/Users/saminur muzaqi/OneDrive/Documents/Symmetrics/frontend/.next/dev/static/chunks/node_modules_next_dist_client_16lnmlo._.js:2774:21)
    at processMessage (file://C:/Users/saminur muzaqi/OneDrive/Documents/Symmetrics/frontend/.next/dev/static/chunks/node_modules_next_dist_client_16lnmlo._.js:2835:28)
    at <unknown> (file://C:/Users/saminur muzaqi/OneDrive/Documents/Symmetrics/frontend/.next/dev/static/chunks/node_modules_next_dist_client_16lnmlo._.js:2680:13)
    at WebSocket.handleMessage (file://C:/Users/saminur muzaqi/OneDrive/Documents/Symmetrics/frontend/.next/dev/static/chunks/node_modules_next_dist_client_16lnmlo._.js:2325:17) (file://C:/Users/saminur muzaqi/OneDrive/Documents/Symmetrics/frontend/.next/dev/static/chunks/node_modules_next_dist_client_16lnmlo._.js:2774:21)
[browser] ./src/app/results/page.tsx:149:18
Expected '</', got 'ident'
  147 |                 )}
  148 |               </div>
> 149 |               <p className="mt-2 text-xs text-slate-400">
      |                  ^^^^^^^^^
  150 |                 Ubah preferensi mode narasi di halaman{" "}
  151 |                 <a href="/pengaturan" className="underline">
  152 |                   Pengaturan

Parsing ecmascript source code failed

Import traces:
  Client Component Browser:
    ./src/app/results/page.tsx [Client Component Browser]
    ./src/app/results/page.tsx [Server Component]

  Client Component SSR:
    ./src/app/results/page.tsx [Client Component SSR]
    ./src/app/results/page.tsx [Server Component] 
    at handleErrors (file://C:/Users/saminur muzaqi/OneDrive/Documents/Symmetrics/frontend/.next/dev/static/chunks/node_modules_next_dist_client_16lnmlo._.js:2774:21)
    at processMessage (file://C:/Users/saminur muzaqi/OneDrive/Documents/Symmetrics/frontend/.next/dev/static/chunks/node_modules_next_dist_client_16lnmlo._.js:2835:28)
    at <unknown> (file://C:/Users/saminur muzaqi/OneDrive/Documents/Symmetrics/frontend/.next/dev/static/chunks/node_modules_next_dist_client_16lnmlo._.js:2680:13)
    at WebSocket.handleMessage (file://C:/Users/saminur muzaqi/OneDrive/Documents/Symmetrics/frontend/.next/dev/static/chunks/node_modules_next_dist_client_16lnmlo._.js:2325:17) (file://C:/Users/saminur muzaqi/OneDrive/Documents/Symmetrics/frontend/.next/dev/static/chunks/node_modules_next_dist_client_16lnmlo._.js:2774:21)
[browser] ./src/app/results/page.tsx:149:18
Expected '</', got 'ident'
  147 |                 )}
  148 |               </div>
> 149 |               <p className="mt-2 text-xs text-slate-400">
      |                  ^^^^^^^^^
  150 |                 Ubah preferensi mode narasi di halaman{" "}
  151 |                 <a href="/pengaturan" className="underline">
  152 |                   Pengaturan

Parsing ecmascript source code failed

Import traces:
  Client Component Browser:
    ./src/app/results/page.tsx [Client Component Browser]
    ./src/app/results/page.tsx [Server Component]

  Client Component SSR:
    ./src/app/results/page.tsx [Client Component SSR]
    ./src/app/results/page.tsx [Server Component] 
    at handleErrors (file://C:/Users/saminur muzaqi/OneDrive/Documents/Symmetrics/frontend/.next/dev/static/chunks/node_modules_next_dist_client_16lnmlo._.js:2774:21)
    at processMessage (file://C:/Users/saminur muzaqi/OneDrive/Documents/Symmetrics/frontend/.next/dev/static/chunks/node_modules_next_dist_client_16lnmlo._.js:2835:28)
    at <unknown> (file://C:/Users/saminur muzaqi/OneDrive/Documents/Symmetrics/frontend/.next/dev/static/chunks/node_modules_next_dist_client_16lnmlo._.js:2680:13)
    at WebSocket.handleMessage (file://C:/Users/saminur muzaqi/OneDrive/Documents/Symmetrics/frontend/.next/dev/static/chunks/node_modules_next_dist_client_16lnmlo._.js:2325:17) (file://C:/Users/saminur muzaqi/OneDrive/Documents/Symmetrics/frontend/.next/dev/static/chunks/node_modules_next_dist_client_16lnmlo._.js:2774:21)
[browser] ./src/app/results/page.tsx:149:18
Expected '</', got 'ident'
  147 |                 )}
  148 |               </div>
> 149 |               <p className="mt-2 text-xs text-slate-400">
      |                  ^^^^^^^^^
  150 |                 Ubah preferensi mode narasi di halaman{" "}
  151 |                 <a href="/pengaturan" className="underline">
  152 |                   Pengaturan

Parsing ecmascript source code failed

Import traces:
  Client Component Browser:
    ./src/app/results/page.tsx [Client Component Browser]
    ./src/app/results/page.tsx [Server Component]

  Client Component SSR:
    ./src/app/results/page.tsx [Client Component SSR]
    ./src/app/results/page.tsx [Server Component] 
    at handleErrors (file://C:/Users/saminur muzaqi/OneDrive/Documents/Symmetrics/frontend/.next/dev/static/chunks/node_modules_next_dist_client_16lnmlo._.js:2774:21)
    at processMessage (file://C:/Users/saminur muzaqi/OneDrive/Documents/Symmetrics/frontend/.next/dev/static/chunks/node_modules_next_dist_client_16lnmlo._.js:2835:28)
    at <unknown> (file://C:/Users/saminur muzaqi/OneDrive/Documents/Symmetrics/frontend/.next/dev/static/chunks/node_modules_next_dist_client_16lnmlo._.js:2680:13)
    at WebSocket.handleMessage (file://C:/Users/saminur muzaqi/OneDrive/Documents/Symmetrics/frontend/.next/dev/static/chunks/node_modules_next_dist_client_16lnmlo._.js:2325:17) (file://C:/Users/saminur muzaqi/OneDrive/Documents/Symmetrics/frontend/.next/dev/static/chunks/node_modules_next_dist_client_16lnmlo._.js:2774:21)
[browser] ./src/app/results/page.tsx:149:18
Expected '</', got 'ident'
  147 |                 )}
  148 |               </div>
> 149 |               <p className="mt-2 text-xs text-slate-400">
      |                  ^^^^^^^^^
  150 |                 Ubah preferensi mode narasi di halaman{" "}
  151 |                 <a href="/pengaturan" className="underline">
  152 |                   Pengaturan

Parsing ecmascript source code failed

Import traces:
  Client Component Browser:
    ./src/app/results/page.tsx [Client Component Browser]
    ./src/app/results/page.tsx [Server Component]

  Client Component SSR:
    ./src/app/results/page.tsx [Client Component SSR]
    ./src/app/results/page.tsx [Server Component] 
    at handleErrors (file://C:/Users/saminur muzaqi/OneDrive/Documents/Symmetrics/frontend/.next/dev/static/chunks/node_modules_next_dist_client_16lnmlo._.js:2774:21)
    at processMessage (file://C:/Users/saminur muzaqi/OneDrive/Documents/Symmetrics/frontend/.next/dev/static/chunks/node_modules_next_dist_client_16lnmlo._.js:2835:28)
    at <unknown> (file://C:/Users/saminur muzaqi/OneDrive/Documents/Symmetrics/frontend/.next/dev/static/chunks/node_modules_next_dist_client_16lnmlo._.js:2680:13)
    at WebSocket.handleMessage (file://C:/Users/saminur muzaqi/OneDrive/Documents/Symmetrics/frontend/.next/dev/static/chunks/node_modules_next_dist_client_16lnmlo._.js:2325:17) (file://C:/Users/saminur muzaqi/OneDrive/Documents/Symmetrics/frontend/.next/dev/static/chunks/node_modules_next_dist_client_16lnmlo._.js:2774:21)
[browser] ./src/app/results/page.tsx:149:18
Expected '</', got 'ident'
  147 |                 )}
  148 |               </div>
> 149 |               <p className="mt-2 text-xs text-slate-400">
      |                  ^^^^^^^^^
  150 |                 Ubah preferensi mode narasi di halaman{" "}
  151 |                 <a href="/pengaturan" className="underline">
  152 |                   Pengaturan

Parsing ecmascript source code failed

Import traces:
  Client Component Browser:
    ./src/app/results/page.tsx [Client Component Browser]
    ./src/app/results/page.tsx [Server Component]

  Client Component SSR:
    ./src/app/results/page.tsx [Client Component SSR]
    ./src/app/results/page.tsx [Server Component] 
    at handleErrors (file://C:/Users/saminur muzaqi/OneDrive/Documents/Symmetrics/frontend/.next/dev/static/chunks/node_modules_next_dist_client_16lnmlo._.js:2774:21)
    at processMessage (file://C:/Users/saminur muzaqi/OneDrive/Documents/Symmetrics/frontend/.next/dev/static/chunks/node_modules_next_dist_client_16lnmlo._.js:2835:28)
    at <unknown> (file://C:/Users/saminur muzaqi/OneDrive/Documents/Symmetrics/frontend/.next/dev/static/chunks/node_modules_next_dist_client_16lnmlo._.js:2680:13)
    at WebSocket.handleMessage (file://C:/Users/saminur muzaqi/OneDrive/Documents/Symmetrics/frontend/.next/dev/static/chunks/node_modules_next_dist_client_16lnmlo._.js:2325:17) (file://C:/Users/saminur muzaqi/OneDrive/Documents/Symmetrics/frontend/.next/dev/static/chunks/node_modules_next_dist_client_16lnmlo._.js:2774:21)
[browser] ./src/app/results/page.tsx:149:18
Expected '</', got 'ident'
  147 |                 )}
  148 |               </div>
> 149 |               <p className="mt-2 text-xs text-slate-400">
      |                  ^^^^^^^^^
  150 |                 Ubah preferensi mode narasi di halaman{" "}
  151 |                 <a href="/pengaturan" className="underline">
  152 |                   Pengaturan

Parsing ecmascript source code failed

Import traces:
  Client Component Browser:
    ./src/app/results/page.tsx [Client Component Browser]
    ./src/app/results/page.tsx [Server Component]

  Client Component SSR:
    ./src/app/results/page.tsx [Client Component SSR]
    ./src/app/results/page.tsx [Server Component] 
    at handleErrors (file://C:/Users/saminur muzaqi/OneDrive/Documents/Symmetrics/frontend/.next/dev/static/chunks/node_modules_next_dist_client_16lnmlo._.js:2774:21)
    at processMessage (file://C:/Users/saminur muzaqi/OneDrive/Documents/Symmetrics/frontend/.next/dev/static/chunks/node_modules_next_dist_client_16lnmlo._.js:2835:28)
    at <unknown> (file://C:/Users/saminur muzaqi/OneDrive/Documents/Symmetrics/frontend/.next/dev/static/chunks/node_modules_next_dist_client_16lnmlo._.js:2680:13)
    at WebSocket.handleMessage (file://C:/Users/saminur muzaqi/OneDrive/Documents/Symmetrics/frontend/.next/dev/static/chunks/node_modules_next_dist_client_16lnmlo._.js:2325:17) (file://C:/Users/saminur muzaqi/OneDrive/Documents/Symmetrics/frontend/.next/dev/static/chunks/node_modules_next_dist_client_16lnmlo._.js:2774:21)
[browser] ./src/app/results/page.tsx:149:18
Expected '</', got 'ident'
  147 |                 )}
  148 |               </div>
> 149 |               <p className="mt-2 text-xs text-slate-400">
      |                  ^^^^^^^^^
  150 |                 Ubah preferensi mode narasi di halaman{" "}
  151 |                 <a href="/pengaturan" className="underline">
  152 |                   Pengaturan

Parsing ecmascript source code failed

Import traces:
  Client Component Browser:
    ./src/app/results/page.tsx [Client Component Browser]
    ./src/app/results/page.tsx [Server Component]

  Client Component SSR:
    ./src/app/results/page.tsx [Client Component SSR]
    ./src/app/results/page.tsx [Server Component] 
    at handleErrors (file://C:/Users/saminur muzaqi/OneDrive/Documents/Symmetrics/frontend/.next/dev/static/chunks/node_modules_next_dist_client_16lnmlo._.js:2774:21)
    at processMessage (file://C:/Users/saminur muzaqi/OneDrive/Documents/Symmetrics/frontend/.next/dev/static/chunks/node_modules_next_dist_client_16lnmlo._.js:2835:28)
    at <unknown> (file://C:/Users/saminur muzaqi/OneDrive/Documents/Symmetrics/frontend/.next/dev/static/chunks/node_modules_next_dist_client_16lnmlo._.js:2680:13)
    at WebSocket.handleMessage (file://C:/Users/saminur muzaqi/OneDrive/Documents/Symmetrics/frontend/.next/dev/static/chunks/node_modules_next_dist_client_16lnmlo._.js:2325:17) (file://C:/Users/saminur muzaqi/OneDrive/Documents/Symmetrics/frontend/.next/dev/static/chunks/node_modules_next_dist_client_16lnmlo._.js:2774:21)
⨯ ./src/app/results/page.tsx:149:18
Expected '</', got 'ident'
  [90m147 |[0m                 )}
  [90m148 |[0m               </div>
[31m[1m>[0m [90m149 |[0m               <p className=[32m"mt-2 text-xs text-slate-400"[0m>
  [90m    |[0m                  [31m[1m^^^^^^^^^[0m
  [90m150 |[0m                 [33mUbah[0m preferensi mode narasi di halaman{[32m" "[0m}
  [90m151 |[0m                 <a href=[32m"/pengaturan"[0m className=[32m"underline"[0m>
  [90m152 |[0m                   [33mPengaturan[0m

Parsing ecmascript source code failed

Import traces:
  Client Component Browser:
    ./src/app/results/page.tsx [Client Component Browser]
    ./src/app/results/page.tsx [Server Component]

  Client Component SSR:
    ./src/app/results/page.tsx [Client Component SSR]
    ./src/app/results/page.tsx [Server Component]


[browser] ./src/app/results/page.tsx:149:18
Expected '</', got 'ident'
  147 |                 )}
  148 |               </div>
> 149 |               <p className="mt-2 text-xs text-slate-400">
      |                  ^^^^^^^^^
  150 |                 Ubah preferensi mode narasi di halaman{" "}
  151 |                 <a href="/pengaturan" className="underline">
  152 |                   Pengaturan

Parsing ecmascript source code failed

Import traces:
  Client Component Browser:
    ./src/app/results/page.tsx [Client Component Browser]
    ./src/app/results/page.tsx [Server Component]

  Client Component SSR:
    ./src/app/results/page.tsx [Client Component SSR]
    ./src/app/results/page.tsx [Server Component] 
    at handleErrors (file://C:/Users/saminur muzaqi/OneDrive/Documents/Symmetrics/frontend/.next/dev/static/chunks/node_modules_next_dist_client_16lnmlo._.js:2774:21)
    at processMessage (file://C:/Users/saminur muzaqi/OneDrive/Documents/Symmetrics/frontend/.next/dev/static/chunks/node_modules_next_dist_client_16lnmlo._.js:2835:28)
    at <unknown> (file://C:/Users/saminur muzaqi/OneDrive/Documents/Symmetrics/frontend/.next/dev/static/chunks/node_modules_next_dist_client_16lnmlo._.js:2680:13)
    at WebSocket.handleMessage (file://C:/Users/saminur muzaqi/OneDrive/Documents/Symmetrics/frontend/.next/dev/static/chunks/node_modules_next_dist_client_16lnmlo._.js:2325:17) (file://C:/Users/saminur muzaqi/OneDrive/Documents/Symmetrics/frontend/.next/dev/static/chunks/node_modules_next_dist_client_16lnmlo._.js:2774:21)
[browser] ./src/app/results/page.tsx:149:18
Expected '</', got 'ident'
  147 |                 )}
  148 |               </div>
> 149 |               <p className="mt-2 text-xs text-slate-400">
      |                  ^^^^^^^^^
  150 |                 Ubah preferensi mode narasi di halaman{" "}
  151 |                 <a href="/pengaturan" className="underline">
  152 |                   Pengaturan

Parsing ecmascript source code failed

Import traces:
  Client Component Browser:
    ./src/app/results/page.tsx [Client Component Browser]
    ./src/app/results/page.tsx [Server Component]

  Client Component SSR:
    ./src/app/results/page.tsx [Client Component SSR]
    ./src/app/results/page.tsx [Server Component] 
    at handleErrors (file://C:/Users/saminur muzaqi/OneDrive/Documents/Symmetrics/frontend/.next/dev/static/chunks/node_modules_next_dist_client_16lnmlo._.js:2774:21)
    at processMessage (file://C:/Users/saminur muzaqi/OneDrive/Documents/Symmetrics/frontend/.next/dev/static/chunks/node_modules_next_dist_client_16lnmlo._.js:2835:28)
    at <unknown> (file://C:/Users/saminur muzaqi/OneDrive/Documents/Symmetrics/frontend/.next/dev/static/chunks/node_modules_next_dist_client_16lnmlo._.js:2680:13)
    at WebSocket.handleMessage (file://C:/Users/saminur muzaqi/OneDrive/Documents/Symmetrics/frontend/.next/dev/static/chunks/node_modules_next_dist_client_16lnmlo._.js:2325:17) (file://C:/Users/saminur muzaqi/OneDrive/Documents/Symmetrics/frontend/.next/dev/static/chunks/node_modules_next_dist_client_16lnmlo._.js:2774:21)
[browser] ./src/app/results/page.tsx:149:18
Expected '</', got 'ident'
  147 |                 )}
  148 |               </div>
> 149 |               <p className="mt-2 text-xs text-slate-400">
      |                  ^^^^^^^^^
  150 |                 Ubah preferensi mode narasi di halaman{" "}
  151 |                 <a href="/pengaturan" className="underline">
  152 |                   Pengaturan

Parsing ecmascript source code failed

Import traces:
  Client Component Browser:
    ./src/app/results/page.tsx [Client Component Browser]
    ./src/app/results/page.tsx [Server Component]

  Client Component SSR:
    ./src/app/results/page.tsx [Client Component SSR]
    ./src/app/results/page.tsx [Server Component] 
    at handleErrors (file://C:/Users/saminur muzaqi/OneDrive/Documents/Symmetrics/frontend/.next/dev/static/chunks/node_modules_next_dist_client_16lnmlo._.js:2774:21)
    at processMessage (file://C:/Users/saminur muzaqi/OneDrive/Documents/Symmetrics/frontend/.next/dev/static/chunks/node_modules_next_dist_client_16lnmlo._.js:2835:28)
    at <unknown> (file://C:/Users/saminur muzaqi/OneDrive/Documents/Symmetrics/frontend/.next/dev/static/chunks/node_modules_next_dist_client_16lnmlo._.js:2680:13)
    at WebSocket.handleMessage (file://C:/Users/saminur muzaqi/OneDrive/Documents/Symmetrics/frontend/.next/dev/static/chunks/node_modules_next_dist_client_16lnmlo._.js:2325:17) (file://C:/Users/saminur muzaqi/OneDrive/Documents/Symmetrics/frontend/.next/dev/static/chunks/node_modules_next_dist_client_16lnmlo._.js:2774:21)
[browser] ./src/app/results/page.tsx:149:18
Expected '</', got 'ident'
  147 |                 )}
  148 |               </div>
> 149 |               <p className="mt-2 text-xs text-slate-400">
      |                  ^^^^^^^^^
  150 |                 Ubah preferensi mode narasi di halaman{" "}
  151 |                 <a href="/pengaturan" className="underline">
  152 |                   Pengaturan

Parsing ecmascript source code failed

Import traces:
  Client Component Browser:
    ./src/app/results/page.tsx [Client Component Browser]
    ./src/app/results/page.tsx [Server Component]

  Client Component SSR:
    ./src/app/results/page.tsx [Client Component SSR]
    ./src/app/results/page.tsx [Server Component] 
    at handleErrors (file://C:/Users/saminur muzaqi/OneDrive/Documents/Symmetrics/frontend/.next/dev/static/chunks/node_modules_next_dist_client_16lnmlo._.js:2774:21)
    at processMessage (file://C:/Users/saminur muzaqi/OneDrive/Documents/Symmetrics/frontend/.next/dev/static/chunks/node_modules_next_dist_client_16lnmlo._.js:2835:28)
    at <unknown> (file://C:/Users/saminur muzaqi/OneDrive/Documents/Symmetrics/frontend/.next/dev/static/chunks/node_modules_next_dist_client_16lnmlo._.js:2680:13)
    at WebSocket.handleMessage (file://C:/Users/saminur muzaqi/OneDrive/Documents/Symmetrics/frontend/.next/dev/static/chunks/node_modules_next_dist_client_16lnmlo._.js:2325:17) (file://C:/Users/saminur muzaqi/OneDrive/Documents/Symmetrics/frontend/.next/dev/static/chunks/node_modules_next_dist_client_16lnmlo._.js:2774:21)
Error: Cannot apply unknown utility class `btn-duo`
    [2m[at onInvalidCandidate (C:\Users\saminur muzaqi\OneDrive\Documents\Symmetrics\frontend\node_modules\tailwindcss\dist\lib.js:21:1879)][0m
    [2m[at Re (C:\Users\saminur muzaqi\OneDrive\Documents\Symmetrics\frontend\node_modules\tailwindcss\dist\lib.js:16:39083)][0m
    [2m[at C:\Users\saminur muzaqi\OneDrive\Documents\Symmetrics\frontend\node_modules\tailwindcss\dist\lib.js:21:711][0m
    [2m[at jr (C:\Users\saminur muzaqi\OneDrive\Documents\Symmetrics\frontend\node_modules\tailwindcss\dist\lib.js:3:1775)][0m
    [2m[at I (C:\Users\saminur muzaqi\OneDrive\Documents\Symmetrics\frontend\node_modules\tailwindcss\dist\lib.js:3:1377)][0m
    [2m[at Ee (C:\Users\saminur muzaqi\OneDrive\Documents\Symmetrics\frontend\node_modules\tailwindcss\dist\lib.js:21:172)][0m
    [2m[at Cn (C:\Users\saminur muzaqi\OneDrive\Documents\Symmetrics\frontend\node_modules\tailwindcss\dist\lib.js:38:294)][0m
    [2m[at async Sn (C:\Users\saminur muzaqi\OneDrive\Documents\Symmetrics\frontend\node_modules\tailwindcss\dist\lib.js:38:631)][0m
    [2m[at async ln (C:\Users\saminur muzaqi\OneDrive\Documents\Symmetrics\frontend\node_modules\@tailwindcss\node\dist\index.js:10:3415)][0m
    [2m[at async E (C:\Users\saminur muzaqi\OneDrive\Documents\Symmetrics\frontend\node_modules\@tailwindcss\postcss\dist\index.js:10:3984)][0m
[browser] ./src/app/globals.css
Error evaluating Node.js code
CssSyntaxError: tailwindcss: C:\Users\saminur muzaqi\OneDrive\Documents\Symmetrics\frontend\src\app\globals.css:1:1: Cannot apply unknown utility class `btn-duo`
    [at Input.error (turbopack:///[project]/node_modules/postcss/lib/input.js:135:16)]
    [at Root.error (turbopack:///[project]/node_modules/postcss/lib/node.js:149:32)]
    [at Object.Once (C:\Users\saminur muzaqi\OneDrive\Documents\Symmetrics\frontend\node_modules\@tailwindcss\postcss\dist\index.js:10:6918)]
    [at async LazyResult.runAsync (turbopack:///[project]/node_modules/postcss/lib/lazy-result.js:293:11)]
    [at async transform (turbopack:///[turbopack-node]/transforms/postcss.ts:70:34)]
    [at async run (turbopack:///[turbopack-node]/child_process/evaluate.ts:89:23)]

Import trace:
  Client Component Browser:
    ./src/app/globals.css [Client Component Browser]
    ./src/app/layout.tsx [Server Component] 
    at handleErrors (file://C:/Users/saminur muzaqi/OneDrive/Documents/Symmetrics/frontend/.next/dev/static/chunks/node_modules_next_dist_client_0r5nbpw._.js:13951:21)
    at processMessage (file://C:/Users/saminur muzaqi/OneDrive/Documents/Symmetrics/frontend/.next/dev/static/chunks/node_modules_next_dist_client_0r5nbpw._.js:14014:21)
    at WebSocket.handleMessage (file://C:/Users/saminur muzaqi/OneDrive/Documents/Symmetrics/frontend/.next/dev/static/chunks/node_modules_next_dist_client_0r5nbpw._.js:13458:52) (file://C:/Users/saminur muzaqi/OneDrive/Documents/Symmetrics/frontend/.next/dev/static/chunks/node_modules_next_dist_client_0r5nbpw._.js:13951:21)
[browser] ./src/app/globals.css
Error evaluating Node.js code
CssSyntaxError: tailwindcss: C:\Users\saminur muzaqi\OneDrive\Documents\Symmetrics\frontend\src\app\globals.css:1:1: Cannot apply unknown utility class `btn-duo`
    [at Input.error (turbopack:///[project]/node_modules/postcss/lib/input.js:135:16)]
    [at Root.error (turbopack:///[project]/node_modules/postcss/lib/node.js:149:32)]
    [at Object.Once (C:\Users\saminur muzaqi\OneDrive\Documents\Symmetrics\frontend\node_modules\@tailwindcss\postcss\dist\index.js:10:6918)]
    [at async LazyResult.runAsync (turbopack:///[project]/node_modules/postcss/lib/lazy-result.js:293:11)]
    [at async transform (turbopack:///[turbopack-node]/transforms/postcss.ts:70:34)]
    [at async run (turbopack:///[turbopack-node]/child_process/evaluate.ts:89:23)]

Import trace:
  Client Component Browser:
    ./src/app/globals.css [Client Component Browser]
    ./src/app/layout.tsx [Server Component] 
    at handleErrors (file://C:/Users/saminur muzaqi/OneDrive/Documents/Symmetrics/frontend/.next/dev/static/chunks/node_modules_next_dist_client_0r5nbpw._.js:13951:21)
    at processMessage (file://C:/Users/saminur muzaqi/OneDrive/Documents/Symmetrics/frontend/.next/dev/static/chunks/node_modules_next_dist_client_0r5nbpw._.js:14014:21)
    at WebSocket.handleMessage (file://C:/Users/saminur muzaqi/OneDrive/Documents/Symmetrics/frontend/.next/dev/static/chunks/node_modules_next_dist_client_0r5nbpw._.js:13458:52) (file://C:/Users/saminur muzaqi/OneDrive/Documents/Symmetrics/frontend/.next/dev/static/chunks/node_modules_next_dist_client_0r5nbpw._.js:13951:21)
[browser] ./src/app/globals.css
Error evaluating Node.js code
CssSyntaxError: tailwindcss: C:\Users\saminur muzaqi\OneDrive\Documents\Symmetrics\frontend\src\app\globals.css:1:1: Cannot apply unknown utility class `btn-duo`
    [at Input.error (turbopack:///[project]/node_modules/postcss/lib/input.js:135:16)]
    [at Root.error (turbopack:///[project]/node_modules/postcss/lib/node.js:149:32)]
    [at Object.Once (C:\Users\saminur muzaqi\OneDrive\Documents\Symmetrics\frontend\node_modules\@tailwindcss\postcss\dist\index.js:10:6918)]
    [at async LazyResult.runAsync (turbopack:///[project]/node_modules/postcss/lib/lazy-result.js:293:11)]
    [at async transform (turbopack:///[turbopack-node]/transforms/postcss.ts:70:34)]
    [at async run (turbopack:///[turbopack-node]/child_process/evaluate.ts:89:23)]

Import trace:
  Client Component Browser:
    ./src/app/globals.css [Client Component Browser]
    ./src/app/layout.tsx [Server Component] 
    at handleErrors (file://C:/Users/saminur muzaqi/OneDrive/Documents/Symmetrics/frontend/.next/dev/static/chunks/node_modules_next_dist_client_0r5nbpw._.js:13951:21)
    at processMessage (file://C:/Users/saminur muzaqi/OneDrive/Documents/Symmetrics/frontend/.next/dev/static/chunks/node_modules_next_dist_client_0r5nbpw._.js:14014:21)
    at WebSocket.handleMessage (file://C:/Users/saminur muzaqi/OneDrive/Documents/Symmetrics/frontend/.next/dev/static/chunks/node_modules_next_dist_client_0r5nbpw._.js:13458:52) (file://C:/Users/saminur muzaqi/OneDrive/Documents/Symmetrics/frontend/.next/dev/static/chunks/node_modules_next_dist_client_0r5nbpw._.js:13951:21)
⨯ ./src/app/globals.css
Error evaluating Node.js code
CssSyntaxError: tailwindcss: C:\Users\saminur muzaqi\OneDrive\Documents\Symmetrics\frontend\src\app\globals.css:1:1: Cannot apply unknown utility class `btn-duo`
    [at Input.error (turbopack:///[project]/node_modules/postcss/lib/input.js:135:16)]
    [at Root.error (turbopack:///[project]/node_modules/postcss/lib/node.js:149:32)]
    [at Object.Once (C:\Users\saminur muzaqi\OneDrive\Documents\Symmetrics\frontend\node_modules\@tailwindcss\postcss\dist\index.js:10:6918)]
    [at async LazyResult.runAsync (turbopack:///[project]/node_modules/postcss/lib/lazy-result.js:293:11)]
    [at async transform (turbopack:///[turbopack-node]/transforms/postcss.ts:70:34)]
    [at async run (turbopack:///[turbopack-node]/child_process/evaluate.ts:89:23)]

Import trace:
  Client Component Browser:
    ./src/app/globals.css [Client Component Browser]
    ./src/app/layout.tsx [Server Component]


[browser] ./src/app/globals.css
Error evaluating Node.js code
CssSyntaxError: tailwindcss: C:\Users\saminur muzaqi\OneDrive\Documents\Symmetrics\frontend\src\app\globals.css:1:1: Cannot apply unknown utility class `btn-duo`
    [at Input.error (turbopack:///[project]/node_modules/postcss/lib/input.js:135:16)]
    [at Root.error (turbopack:///[project]/node_modules/postcss/lib/node.js:149:32)]
    [at Object.Once (C:\Users\saminur muzaqi\OneDrive\Documents\Symmetrics\frontend\node_modules\@tailwindcss\postcss\dist\index.js:10:6918)]
    [at async LazyResult.runAsync (turbopack:///[project]/node_modules/postcss/lib/lazy-result.js:293:11)]
    [at async transform (turbopack:///[turbopack-node]/transforms/postcss.ts:70:34)]
    [at async run (turbopack:///[turbopack-node]/child_process/evaluate.ts:89:23)]

Import trace:
  Client Component Browser:
    ./src/app/globals.css [Client Component Browser]
    ./src/app/layout.tsx [Server Component] 
    at handleErrors (file://C:/Users/saminur muzaqi/OneDrive/Documents/Symmetrics/frontend/.next/dev/static/chunks/node_modules_next_dist_client_0r5nbpw._.js:13951:21)
    at processMessage (file://C:/Users/saminur muzaqi/OneDrive/Documents/Symmetrics/frontend/.next/dev/static/chunks/node_modules_next_dist_client_0r5nbpw._.js:14014:21)
    at WebSocket.handleMessage (file://C:/Users/saminur muzaqi/OneDrive/Documents/Symmetrics/frontend/.next/dev/static/chunks/node_modules_next_dist_client_0r5nbpw._.js:13458:52) (file://C:/Users/saminur muzaqi/OneDrive/Documents/Symmetrics/frontend/.next/dev/static/chunks/node_modules_next_dist_client_0r5nbpw._.js:13951:21)
[browser] ./src/app/globals.css
Error evaluating Node.js code
CssSyntaxError: tailwindcss: C:\Users\saminur muzaqi\OneDrive\Documents\Symmetrics\frontend\src\app\globals.css:1:1: Cannot apply unknown utility class `btn-duo`
    [at Input.error (turbopack:///[project]/node_modules/postcss/lib/input.js:135:16)]
    [at Root.error (turbopack:///[project]/node_modules/postcss/lib/node.js:149:32)]
    [at Object.Once (C:\Users\saminur muzaqi\OneDrive\Documents\Symmetrics\frontend\node_modules\@tailwindcss\postcss\dist\index.js:10:6918)]
    [at async LazyResult.runAsync (turbopack:///[project]/node_modules/postcss/lib/lazy-result.js:293:11)]
    [at async transform (turbopack:///[turbopack-node]/transforms/postcss.ts:70:34)]
    [at async run (turbopack:///[turbopack-node]/child_process/evaluate.ts:89:23)]

Import trace:
  Client Component Browser:
    ./src/app/globals.css [Client Component Browser]
    ./src/app/layout.tsx [Server Component] 
    at handleErrors (file://C:/Users/saminur muzaqi/OneDrive/Documents/Symmetrics/frontend/.next/dev/static/chunks/node_modules_next_dist_client_0r5nbpw._.js:13951:21)
    at processMessage (file://C:/Users/saminur muzaqi/OneDrive/Documents/Symmetrics/frontend/.next/dev/static/chunks/node_modules_next_dist_client_0r5nbpw._.js:14014:21)
    at WebSocket.handleMessage (file://C:/Users/saminur muzaqi/OneDrive/Documents/Symmetrics/frontend/.next/dev/static/chunks/node_modules_next_dist_client_0r5nbpw._.js:13458:52) (file://C:/Users/saminur muzaqi/OneDrive/Documents/Symmetrics/frontend/.next/dev/static/chunks/node_modules_next_dist_client_0r5nbpw._.js:13951:21)
⨯ ./src/app/globals.css
Error evaluating Node.js code
CssSyntaxError: tailwindcss: C:\Users\saminur muzaqi\OneDrive\Documents\Symmetrics\frontend\src\app\globals.css:1:1: Cannot apply unknown utility class `btn-duo`
    [at Input.error (turbopack:///[project]/node_modules/postcss/lib/input.js:135:16)]
    [at Root.error (turbopack:///[project]/node_modules/postcss/lib/node.js:149:32)]
    [at Object.Once (C:\Users\saminur muzaqi\OneDrive\Documents\Symmetrics\frontend\node_modules\@tailwindcss\postcss\dist\index.js:10:6918)]
    [at async LazyResult.runAsync (turbopack:///[project]/node_modules/postcss/lib/lazy-result.js:293:11)]
    [at async transform (turbopack:///[turbopack-node]/transforms/postcss.ts:70:34)]
    [at async run (turbopack:///[turbopack-node]/child_process/evaluate.ts:89:23)]

Import trace:
  Client Component Browser:
    ./src/app/globals.css [Client Component Browser]
    ./src/app/layout.tsx [Server Component]


[browser] ./src/app/globals.css
Error evaluating Node.js code
CssSyntaxError: tailwindcss: C:\Users\saminur muzaqi\OneDrive\Documents\Symmetrics\frontend\src\app\globals.css:1:1: Cannot apply unknown utility class `btn-duo`
    [at Input.error (turbopack:///[project]/node_modules/postcss/lib/input.js:135:16)]
    [at Root.error (turbopack:///[project]/node_modules/postcss/lib/node.js:149:32)]
    [at Object.Once (C:\Users\saminur muzaqi\OneDrive\Documents\Symmetrics\frontend\node_modules\@tailwindcss\postcss\dist\index.js:10:6918)]
    [at async LazyResult.runAsync (turbopack:///[project]/node_modules/postcss/lib/lazy-result.js:293:11)]
    [at async transform (turbopack:///[turbopack-node]/transforms/postcss.ts:70:34)]
    [at async run (turbopack:///[turbopack-node]/child_process/evaluate.ts:89:23)]

Import trace:
  Client Component Browser:
    ./src/app/globals.css [Client Component Browser]
    ./src/app/layout.tsx [Server Component] 
    at handleErrors (file://C:/Users/saminur muzaqi/OneDrive/Documents/Symmetrics/frontend/.next/dev/static/chunks/node_modules_next_dist_client_0r5nbpw._.js:13951:21)
    at processMessage (file://C:/Users/saminur muzaqi/OneDrive/Documents/Symmetrics/frontend/.next/dev/static/chunks/node_modules_next_dist_client_0r5nbpw._.js:14014:21)
    at WebSocket.handleMessage (file://C:/Users/saminur muzaqi/OneDrive/Documents/Symmetrics/frontend/.next/dev/static/chunks/node_modules_next_dist_client_0r5nbpw._.js:13458:52) (file://C:/Users/saminur muzaqi/OneDrive/Documents/Symmetrics/frontend/.next/dev/static/chunks/node_modules_next_dist_client_0r5nbpw._.js:13951:21)
⨯ ./src/app/globals.css
Error evaluating Node.js code
CssSyntaxError: tailwindcss: C:\Users\saminur muzaqi\OneDrive\Documents\Symmetrics\frontend\src\app\globals.css:1:1: Cannot apply unknown utility class `btn-duo`
    [at Input.error (turbopack:///[project]/node_modules/postcss/lib/input.js:135:16)]
    [at Root.error (turbopack:///[project]/node_modules/postcss/lib/node.js:149:32)]
    [at Object.Once (C:\Users\saminur muzaqi\OneDrive\Documents\Symmetrics\frontend\node_modules\@tailwindcss\postcss\dist\index.js:10:6918)]
    [at async LazyResult.runAsync (turbopack:///[project]/node_modules/postcss/lib/lazy-result.js:293:11)]
    [at async transform (turbopack:///[turbopack-node]/transforms/postcss.ts:70:34)]
    [at async run (turbopack:///[turbopack-node]/child_process/evaluate.ts:89:23)]

Import trace:
  Client Component Browser:
    ./src/app/globals.css [Client Component Browser]
    ./src/app/layout.tsx [Server Component]


⨯ ./src/app/globals.css
Error evaluating Node.js code
CssSyntaxError: tailwindcss: C:\Users\saminur muzaqi\OneDrive\Documents\Symmetrics\frontend\src\app\globals.css:1:1: Cannot apply unknown utility class `btn-duo`
    [at Input.error (turbopack:///[project]/node_modules/postcss/lib/input.js:135:16)]
    [at Root.error (turbopack:///[project]/node_modules/postcss/lib/node.js:149:32)]
    [at Object.Once (C:\Users\saminur muzaqi\OneDrive\Documents\Symmetrics\frontend\node_modules\@tailwindcss\postcss\dist\index.js:10:6918)]
    [at async LazyResult.runAsync (turbopack:///[project]/node_modules/postcss/lib/lazy-result.js:293:11)]
    [at async transform (turbopack:///[turbopack-node]/transforms/postcss.ts:70:34)]
    [at async run (turbopack:///[turbopack-node]/child_process/evaluate.ts:89:23)]

Import trace:
  Client Component Browser:
    ./src/app/globals.css [Client Component Browser]
    ./src/app/layout.tsx [Server Component]


[browser] ./src/app/globals.css
Error evaluating Node.js code
CssSyntaxError: tailwindcss: C:\Users\saminur muzaqi\OneDrive\Documents\Symmetrics\frontend\src\app\globals.css:1:1: Cannot apply unknown utility class `btn-duo`
    [at Input.error (turbopack:///[project]/node_modules/postcss/lib/input.js:135:16)]
    [at Root.error (turbopack:///[project]/node_modules/postcss/lib/node.js:149:32)]
    [at Object.Once (C:\Users\saminur muzaqi\OneDrive\Documents\Symmetrics\frontend\node_modules\@tailwindcss\postcss\dist\index.js:10:6918)]
    [at async LazyResult.runAsync (turbopack:///[project]/node_modules/postcss/lib/lazy-result.js:293:11)]
    [at async transform (turbopack:///[turbopack-node]/transforms/postcss.ts:70:34)]
    [at async run (turbopack:///[turbopack-node]/child_process/evaluate.ts:89:23)]

Import trace:
  Client Component Browser:
    ./src/app/globals.css [Client Component Browser]
    ./src/app/layout.tsx [Server Component] 
    at handleErrors (file://C:/Users/saminur muzaqi/OneDrive/Documents/Symmetrics/frontend/.next/dev/static/chunks/node_modules_next_dist_client_0r5nbpw._.js:13951:21)
    at processMessage (file://C:/Users/saminur muzaqi/OneDrive/Documents/Symmetrics/frontend/.next/dev/static/chunks/node_modules_next_dist_client_0r5nbpw._.js:14014:21)
    at WebSocket.handleMessage (file://C:/Users/saminur muzaqi/OneDrive/Documents/Symmetrics/frontend/.next/dev/static/chunks/node_modules_next_dist_client_0r5nbpw._.js:13458:52) (file://C:/Users/saminur muzaqi/OneDrive/Documents/Symmetrics/frontend/.next/dev/static/chunks/node_modules_next_dist_client_0r5nbpw._.js:13951:21)
[browser] ./src/app/globals.css
Error evaluating Node.js code
CssSyntaxError: tailwindcss: C:\Users\saminur muzaqi\OneDrive\Documents\Symmetrics\frontend\src\app\globals.css:1:1: Cannot apply unknown utility class `btn-duo`
    [at Input.error (turbopack:///[project]/node_modules/postcss/lib/input.js:135:16)]
    [at Root.error (turbopack:///[project]/node_modules/postcss/lib/node.js:149:32)]
    [at Object.Once (C:\Users\saminur muzaqi\OneDrive\Documents\Symmetrics\frontend\node_modules\@tailwindcss\postcss\dist\index.js:10:6918)]
    [at async LazyResult.runAsync (turbopack:///[project]/node_modules/postcss/lib/lazy-result.js:293:11)]
    [at async transform (turbopack:///[turbopack-node]/transforms/postcss.ts:70:34)]
    [at async run (turbopack:///[turbopack-node]/child_process/evaluate.ts:89:23)]

Import trace:
  Client Component Browser:
    ./src/app/globals.css [Client Component Browser]
    ./src/app/layout.tsx [Server Component] 
    at handleErrors (file://C:/Users/saminur muzaqi/OneDrive/Documents/Symmetrics/frontend/.next/dev/static/chunks/node_modules_next_dist_client_0r5nbpw._.js:13951:21)
    at processMessage (file://C:/Users/saminur muzaqi/OneDrive/Documents/Symmetrics/frontend/.next/dev/static/chunks/node_modules_next_dist_client_0r5nbpw._.js:14014:21)
    at WebSocket.handleMessage (file://C:/Users/saminur muzaqi/OneDrive/Documents/Symmetrics/frontend/.next/dev/static/chunks/node_modules_next_dist_client_0r5nbpw._.js:13458:52) (file://C:/Users/saminur muzaqi/OneDrive/Documents/Symmetrics/frontend/.next/dev/static/chunks/node_modules_next_dist_client_0r5nbpw._.js:13951:21)
⨯ ./src/app/globals.css
Error evaluating Node.js code
CssSyntaxError: tailwindcss: C:\Users\saminur muzaqi\OneDrive\Documents\Symmetrics\frontend\src\app\globals.css:1:1: Cannot apply unknown utility class `btn-duo`
    [at Input.error (turbopack:///[project]/node_modules/postcss/lib/input.js:135:16)]
    [at Root.error (turbopack:///[project]/node_modules/postcss/lib/node.js:149:32)]
    [at Object.Once (C:\Users\saminur muzaqi\OneDrive\Documents\Symmetrics\frontend\node_modules\@tailwindcss\postcss\dist\index.js:10:6918)]
    [at async LazyResult.runAsync (turbopack:///[project]/node_modules/postcss/lib/lazy-result.js:293:11)]
    [at async transform (turbopack:///[turbopack-node]/transforms/postcss.ts:70:34)]
    [at async run (turbopack:///[turbopack-node]/child_process/evaluate.ts:89:23)]

Import trace:
  Client Component Browser:
    ./src/app/globals.css [Client Component Browser]
    ./src/app/layout.tsx [Server Component]


[browser] Uncaught Error: ./src/app/globals.css
Error evaluating Node.js code
CssSyntaxError: tailwindcss: C:\Users\saminur muzaqi\OneDrive\Documents\Symmetrics\frontend\src\app\globals.css:1:1: Cannot apply unknown utility class `btn-duo`
    [at Input.error (turbopack:///[project]/node_modules/postcss/lib/input.js:135:16)]
    [at Root.error (turbopack:///[project]/node_modules/postcss/lib/node.js:149:32)]
    [at Object.Once (C:\Users\saminur muzaqi\OneDrive\Documents\Symmetrics\frontend\node_modules\@tailwindcss\postcss\dist\index.js:10:6918)]
    [at async LazyResult.runAsync (turbopack:///[project]/node_modules/postcss/lib/lazy-result.js:293:11)]
    [at async transform (turbopack:///[turbopack-node]/transforms/postcss.ts:70:34)]
    [at async run (turbopack:///[turbopack-node]/child_process/evaluate.ts:89:23)]

Import trace:
  Client Component Browser:
    ./src/app/globals.css [Client Component Browser]
    ./src/app/layout.tsx [Server Component]


[browser] ./src/app/globals.css
Error evaluating Node.js code
CssSyntaxError: tailwindcss: C:\Users\saminur muzaqi\OneDrive\Documents\Symmetrics\frontend\src\app\globals.css:1:1: Cannot apply unknown utility class `btn-duo`
    [at Input.error (turbopack:///[project]/node_modules/postcss/lib/input.js:135:16)]
    [at Root.error (turbopack:///[project]/node_modules/postcss/lib/node.js:149:32)]
    [at Object.Once (C:\Users\saminur muzaqi\OneDrive\Documents\Symmetrics\frontend\node_modules\@tailwindcss\postcss\dist\index.js:10:6918)]
    [at async LazyResult.runAsync (turbopack:///[project]/node_modules/postcss/lib/lazy-result.js:293:11)]
    [at async transform (turbopack:///[turbopack-node]/transforms/postcss.ts:70:34)]
    [at async run (turbopack:///[turbopack-node]/child_process/evaluate.ts:89:23)]

Import trace:
  Client Component Browser:
    ./src/app/globals.css [Client Component Browser]
    ./src/app/layout.tsx [Server Component] 
    at handleErrors (file://C:/Users/saminur muzaqi/OneDrive/Documents/Symmetrics/frontend/.next/dev/static/chunks/node_modules_next_dist_client_16lnmlo._.js:2774:21)
    at processMessage (file://C:/Users/saminur muzaqi/OneDrive/Documents/Symmetrics/frontend/.next/dev/static/chunks/node_modules_next_dist_client_16lnmlo._.js:2835:28)
    at <unknown> (file://C:/Users/saminur muzaqi/OneDrive/Documents/Symmetrics/frontend/.next/dev/static/chunks/node_modules_next_dist_client_16lnmlo._.js:2680:13)
    at WebSocket.handleMessage (file://C:/Users/saminur muzaqi/OneDrive/Documents/Symmetrics/frontend/.next/dev/static/chunks/node_modules_next_dist_client_16lnmlo._.js:2325:17) (file://C:/Users/saminur muzaqi/OneDrive/Documents/Symmetrics/frontend/.next/dev/static/chunks/node_modules_next_dist_client_16lnmlo._.js:2774:21)
[browser] ./src/app/globals.css
Error evaluating Node.js code
CssSyntaxError: tailwindcss: C:\Users\saminur muzaqi\OneDrive\Documents\Symmetrics\frontend\src\app\globals.css:1:1: Cannot apply unknown utility class `btn-duo`
    [at Input.error (turbopack:///[project]/node_modules/postcss/lib/input.js:135:16)]
    [at Root.error (turbopack:///[project]/node_modules/postcss/lib/node.js:149:32)]
    [at Object.Once (C:\Users\saminur muzaqi\OneDrive\Documents\Symmetrics\frontend\node_modules\@tailwindcss\postcss\dist\index.js:10:6918)]
    [at async LazyResult.runAsync (turbopack:///[project]/node_modules/postcss/lib/lazy-result.js:293:11)]
    [at async transform (turbopack:///[turbopack-node]/transforms/postcss.ts:70:34)]
    [at async run (turbopack:///[turbopack-node]/child_process/evaluate.ts:89:23)]

Import trace:
  Client Component Browser:
    ./src/app/globals.css [Client Component Browser]
    ./src/app/layout.tsx [Server Component] 
    at handleErrors (file://C:/Users/saminur muzaqi/OneDrive/Documents/Symmetrics/frontend/.next/dev/static/chunks/node_modules_next_dist_client_16lnmlo._.js:2774:21)
    at processMessage (file://C:/Users/saminur muzaqi/OneDrive/Documents/Symmetrics/frontend/.next/dev/static/chunks/node_modules_next_dist_client_16lnmlo._.js:2835:28)
    at <unknown> (file://C:/Users/saminur muzaqi/OneDrive/Documents/Symmetrics/frontend/.next/dev/static/chunks/node_modules_next_dist_client_16lnmlo._.js:2680:13)
    at WebSocket.handleMessage (file://C:/Users/saminur muzaqi/OneDrive/Documents/Symmetrics/frontend/.next/dev/static/chunks/node_modules_next_dist_client_16lnmlo._.js:2325:17) (file://C:/Users/saminur muzaqi/OneDrive/Documents/Symmetrics/frontend/.next/dev/static/chunks/node_modules_next_dist_client_16lnmlo._.js:2774:21)
[browser] ./src/app/globals.css
Error evaluating Node.js code
CssSyntaxError: tailwindcss: C:\Users\saminur muzaqi\OneDrive\Documents\Symmetrics\frontend\src\app\globals.css:1:1: Cannot apply unknown utility class `btn-duo`
    [at Input.error (turbopack:///[project]/node_modules/postcss/lib/input.js:135:16)]
    [at Root.error (turbopack:///[project]/node_modules/postcss/lib/node.js:149:32)]
    [at Object.Once (C:\Users\saminur muzaqi\OneDrive\Documents\Symmetrics\frontend\node_modules\@tailwindcss\postcss\dist\index.js:10:6918)]
    [at async LazyResult.runAsync (turbopack:///[project]/node_modules/postcss/lib/lazy-result.js:293:11)]
    [at async transform (turbopack:///[turbopack-node]/transforms/postcss.ts:70:34)]
    [at async run (turbopack:///[turbopack-node]/child_process/evaluate.ts:89:23)]

Import trace:
  Client Component Browser:
    ./src/app/globals.css [Client Component Browser]
    ./src/app/layout.tsx [Server Component] 
    at handleErrors (file://C:/Users/saminur muzaqi/OneDrive/Documents/Symmetrics/frontend/.next/dev/static/chunks/node_modules_next_dist_client_16lnmlo._.js:2774:21)
    at processMessage (file://C:/Users/saminur muzaqi/OneDrive/Documents/Symmetrics/frontend/.next/dev/static/chunks/node_modules_next_dist_client_16lnmlo._.js:2835:28)
    at <unknown> (file://C:/Users/saminur muzaqi/OneDrive/Documents/Symmetrics/frontend/.next/dev/static/chunks/node_modules_next_dist_client_16lnmlo._.js:2680:13)
    at WebSocket.handleMessage (file://C:/Users/saminur muzaqi/OneDrive/Documents/Symmetrics/frontend/.next/dev/static/chunks/node_modules_next_dist_client_16lnmlo._.js:2325:17) (file://C:/Users/saminur muzaqi/OneDrive/Documents/Symmetrics/frontend/.next/dev/static/chunks/node_modules_next_dist_client_16lnmlo._.js:2774:21)
[browser] ./src/app/globals.css
Error evaluating Node.js code
CssSyntaxError: tailwindcss: C:\Users\saminur muzaqi\OneDrive\Documents\Symmetrics\frontend\src\app\globals.css:1:1: Cannot apply unknown utility class `btn-duo`
    [at Input.error (turbopack:///[project]/node_modules/postcss/lib/input.js:135:16)]
    [at Root.error (turbopack:///[project]/node_modules/postcss/lib/node.js:149:32)]
    [at Object.Once (C:\Users\saminur muzaqi\OneDrive\Documents\Symmetrics\frontend\node_modules\@tailwindcss\postcss\dist\index.js:10:6918)]
    [at async LazyResult.runAsync (turbopack:///[project]/node_modules/postcss/lib/lazy-result.js:293:11)]
    [at async transform (turbopack:///[turbopack-node]/transforms/postcss.ts:70:34)]
    [at async run (turbopack:///[turbopack-node]/child_process/evaluate.ts:89:23)]

Import trace:
  Client Component Browser:
    ./src/app/globals.css [Client Component Browser]
    ./src/app/layout.tsx [Server Component] 
    at handleErrors (file://C:/Users/saminur muzaqi/OneDrive/Documents/Symmetrics/frontend/.next/dev/static/chunks/node_modules_next_dist_client_16lnmlo._.js:2774:21)
    at processMessage (file://C:/Users/saminur muzaqi/OneDrive/Documents/Symmetrics/frontend/.next/dev/static/chunks/node_modules_next_dist_client_16lnmlo._.js:2835:28)
    at <unknown> (file://C:/Users/saminur muzaqi/OneDrive/Documents/Symmetrics/frontend/.next/dev/static/chunks/node_modules_next_dist_client_16lnmlo._.js:2680:13)
    at WebSocket.handleMessage (file://C:/Users/saminur muzaqi/OneDrive/Documents/Symmetrics/frontend/.next/dev/static/chunks/node_modules_next_dist_client_16lnmlo._.js:2325:17) (file://C:/Users/saminur muzaqi/OneDrive/Documents/Symmetrics/frontend/.next/dev/static/chunks/node_modules_next_dist_client_16lnmlo._.js:2774:21)
[browser] ./src/app/globals.css
Error evaluating Node.js code
CssSyntaxError: tailwindcss: C:\Users\saminur muzaqi\OneDrive\Documents\Symmetrics\frontend\src\app\globals.css:1:1: Cannot apply unknown utility class `btn-duo`
    [at Input.error (turbopack:///[project]/node_modules/postcss/lib/input.js:135:16)]
    [at Root.error (turbopack:///[project]/node_modules/postcss/lib/node.js:149:32)]
    [at Object.Once (C:\Users\saminur muzaqi\OneDrive\Documents\Symmetrics\frontend\node_modules\@tailwindcss\postcss\dist\index.js:10:6918)]
    [at async LazyResult.runAsync (turbopack:///[project]/node_modules/postcss/lib/lazy-result.js:293:11)]
    [at async transform (turbopack:///[turbopack-node]/transforms/postcss.ts:70:34)]
    [at async run (turbopack:///[turbopack-node]/child_process/evaluate.ts:89:23)]

Import trace:
  Client Component Browser:
    ./src/app/globals.css [Client Component Browser]
    ./src/app/layout.tsx [Server Component] 
    at handleErrors (file://C:/Users/saminur muzaqi/OneDrive/Documents/Symmetrics/frontend/.next/dev/static/chunks/node_modules_next_dist_client_16lnmlo._.js:2774:21)
    at processMessage (file://C:/Users/saminur muzaqi/OneDrive/Documents/Symmetrics/frontend/.next/dev/static/chunks/node_modules_next_dist_client_16lnmlo._.js:2835:28)
    at <unknown> (file://C:/Users/saminur muzaqi/OneDrive/Documents/Symmetrics/frontend/.next/dev/static/chunks/node_modules_next_dist_client_16lnmlo._.js:2680:13)
    at WebSocket.handleMessage (file://C:/Users/saminur muzaqi/OneDrive/Documents/Symmetrics/frontend/.next/dev/static/chunks/node_modules_next_dist_client_16lnmlo._.js:2325:17) (file://C:/Users/saminur muzaqi/OneDrive/Documents/Symmetrics/frontend/.next/dev/static/chunks/node_modules_next_dist_client_16lnmlo._.js:2774:21)
[browser] ./src/app/globals.css
Error evaluating Node.js code
CssSyntaxError: tailwindcss: C:\Users\saminur muzaqi\OneDrive\Documents\Symmetrics\frontend\src\app\globals.css:1:1: Cannot apply unknown utility class `btn-duo`
    [at Input.error (turbopack:///[project]/node_modules/postcss/lib/input.js:135:16)]
    [at Root.error (turbopack:///[project]/node_modules/postcss/lib/node.js:149:32)]
    [at Object.Once (C:\Users\saminur muzaqi\OneDrive\Documents\Symmetrics\frontend\node_modules\@tailwindcss\postcss\dist\index.js:10:6918)]
    [at async LazyResult.runAsync (turbopack:///[project]/node_modules/postcss/lib/lazy-result.js:293:11)]
    [at async transform (turbopack:///[turbopack-node]/transforms/postcss.ts:70:34)]
    [at async run (turbopack:///[turbopack-node]/child_process/evaluate.ts:89:23)]

Import trace:
  Client Component Browser:
    ./src/app/globals.css [Client Component Browser]
    ./src/app/layout.tsx [Server Component] 
    at handleErrors (file://C:/Users/saminur muzaqi/OneDrive/Documents/Symmetrics/frontend/.next/dev/static/chunks/node_modules_next_dist_client_16lnmlo._.js:2774:21)
    at processMessage (file://C:/Users/saminur muzaqi/OneDrive/Documents/Symmetrics/frontend/.next/dev/static/chunks/node_modules_next_dist_client_16lnmlo._.js:2835:28)
    at <unknown> (file://C:/Users/saminur muzaqi/OneDrive/Documents/Symmetrics/frontend/.next/dev/static/chunks/node_modules_next_dist_client_16lnmlo._.js:2680:13)
    at WebSocket.handleMessage (file://C:/Users/saminur muzaqi/OneDrive/Documents/Symmetrics/frontend/.next/dev/static/chunks/node_modules_next_dist_client_16lnmlo._.js:2325:17) (file://C:/Users/saminur muzaqi/OneDrive/Documents/Symmetrics/frontend/.next/dev/static/chunks/node_modules_next_dist_client_16lnmlo._.js:2774:21)
[browser] ./src/app/globals.css
Error evaluating Node.js code
CssSyntaxError: tailwindcss: C:\Users\saminur muzaqi\OneDrive\Documents\Symmetrics\frontend\src\app\globals.css:1:1: Cannot apply unknown utility class `btn-duo`
    [at Input.error (turbopack:///[project]/node_modules/postcss/lib/input.js:135:16)]
    [at Root.error (turbopack:///[project]/node_modules/postcss/lib/node.js:149:32)]
    [at Object.Once (C:\Users\saminur muzaqi\OneDrive\Documents\Symmetrics\frontend\node_modules\@tailwindcss\postcss\dist\index.js:10:6918)]
    [at async LazyResult.runAsync (turbopack:///[project]/node_modules/postcss/lib/lazy-result.js:293:11)]
    [at async transform (turbopack:///[turbopack-node]/transforms/postcss.ts:70:34)]
    [at async run (turbopack:///[turbopack-node]/child_process/evaluate.ts:89:23)]

Import trace:
  Client Component Browser:
    ./src/app/globals.css [Client Component Browser]
    ./src/app/layout.tsx [Server Component] 
    at handleErrors (file://C:/Users/saminur muzaqi/OneDrive/Documents/Symmetrics/frontend/.next/dev/static/chunks/node_modules_next_dist_client_16lnmlo._.js:2774:21)
    at processMessage (file://C:/Users/saminur muzaqi/OneDrive/Documents/Symmetrics/frontend/.next/dev/static/chunks/node_modules_next_dist_client_16lnmlo._.js:2835:28)
    at <unknown> (file://C:/Users/saminur muzaqi/OneDrive/Documents/Symmetrics/frontend/.next/dev/static/chunks/node_modules_next_dist_client_16lnmlo._.js:2680:13)
    at WebSocket.handleMessage (file://C:/Users/saminur muzaqi/OneDrive/Documents/Symmetrics/frontend/.next/dev/static/chunks/node_modules_next_dist_client_16lnmlo._.js:2325:17) (file://C:/Users/saminur muzaqi/OneDrive/Documents/Symmetrics/frontend/.next/dev/static/chunks/node_modules_next_dist_client_16lnmlo._.js:2774:21)
[browser] ./src/app/globals.css
Error evaluating Node.js code
CssSyntaxError: tailwindcss: C:\Users\saminur muzaqi\OneDrive\Documents\Symmetrics\frontend\src\app\globals.css:1:1: Cannot apply unknown utility class `btn-duo`
    [at Input.error (turbopack:///[project]/node_modules/postcss/lib/input.js:135:16)]
    [at Root.error (turbopack:///[project]/node_modules/postcss/lib/node.js:149:32)]
    [at Object.Once (C:\Users\saminur muzaqi\OneDrive\Documents\Symmetrics\frontend\node_modules\@tailwindcss\postcss\dist\index.js:10:6918)]
    [at async LazyResult.runAsync (turbopack:///[project]/node_modules/postcss/lib/lazy-result.js:293:11)]
    [at async transform (turbopack:///[turbopack-node]/transforms/postcss.ts:70:34)]
    [at async run (turbopack:///[turbopack-node]/child_process/evaluate.ts:89:23)]

Import trace:
  Client Component Browser:
    ./src/app/globals.css [Client Component Browser]
    ./src/app/layout.tsx [Server Component] 
    at handleErrors (file://C:/Users/saminur muzaqi/OneDrive/Documents/Symmetrics/frontend/.next/dev/static/chunks/node_modules_next_dist_client_16lnmlo._.js:2774:21)
    at processMessage (file://C:/Users/saminur muzaqi/OneDrive/Documents/Symmetrics/frontend/.next/dev/static/chunks/node_modules_next_dist_client_16lnmlo._.js:2835:28)
    at <unknown> (file://C:/Users/saminur muzaqi/OneDrive/Documents/Symmetrics/frontend/.next/dev/static/chunks/node_modules_next_dist_client_16lnmlo._.js:2680:13)
    at WebSocket.handleMessage (file://C:/Users/saminur muzaqi/OneDrive/Documents/Symmetrics/frontend/.next/dev/static/chunks/node_modules_next_dist_client_16lnmlo._.js:2325:17) (file://C:/Users/saminur muzaqi/OneDrive/Documents/Symmetrics/frontend/.next/dev/static/chunks/node_modules_next_dist_client_16lnmlo._.js:2774:21)
[browser] ./src/app/globals.css
Error evaluating Node.js code
CssSyntaxError: tailwindcss: C:\Users\saminur muzaqi\OneDrive\Documents\Symmetrics\frontend\src\app\globals.css:1:1: Cannot apply unknown utility class `btn-duo`
    [at Input.error (turbopack:///[project]/node_modules/postcss/lib/input.js:135:16)]
    [at Root.error (turbopack:///[project]/node_modules/postcss/lib/node.js:149:32)]
    [at Object.Once (C:\Users\saminur muzaqi\OneDrive\Documents\Symmetrics\frontend\node_modules\@tailwindcss\postcss\dist\index.js:10:6918)]
    [at async LazyResult.runAsync (turbopack:///[project]/node_modules/postcss/lib/lazy-result.js:293:11)]
    [at async transform (turbopack:///[turbopack-node]/transforms/postcss.ts:70:34)]
    [at async run (turbopack:///[turbopack-node]/child_process/evaluate.ts:89:23)]

Import trace:
  Client Component Browser:
    ./src/app/globals.css [Client Component Browser]
    ./src/app/layout.tsx [Server Component] 
    at handleErrors (file://C:/Users/saminur muzaqi/OneDrive/Documents/Symmetrics/frontend/.next/dev/static/chunks/node_modules_next_dist_client_16lnmlo._.js:2774:21)
    at processMessage (file://C:/Users/saminur muzaqi/OneDrive/Documents/Symmetrics/frontend/.next/dev/static/chunks/node_modules_next_dist_client_16lnmlo._.js:2835:28)
    at <unknown> (file://C:/Users/saminur muzaqi/OneDrive/Documents/Symmetrics/frontend/.next/dev/static/chunks/node_modules_next_dist_client_16lnmlo._.js:2680:13)
    at WebSocket.handleMessage (file://C:/Users/saminur muzaqi/OneDrive/Documents/Symmetrics/frontend/.next/dev/static/chunks/node_modules_next_dist_client_16lnmlo._.js:2325:17) (file://C:/Users/saminur muzaqi/OneDrive/Documents/Symmetrics/frontend/.next/dev/static/chunks/node_modules_next_dist_client_16lnmlo._.js:2774:21)
⨯ ./src/app/globals.css
Error evaluating Node.js code
CssSyntaxError: tailwindcss: C:\Users\saminur muzaqi\OneDrive\Documents\Symmetrics\frontend\src\app\globals.css:1:1: Cannot apply unknown utility class `btn-duo`
    [at Input.error (turbopack:///[project]/node_modules/postcss/lib/input.js:135:16)]
    [at Root.error (turbopack:///[project]/node_modules/postcss/lib/node.js:149:32)]
    [at Object.Once (C:\Users\saminur muzaqi\OneDrive\Documents\Symmetrics\frontend\node_modules\@tailwindcss\postcss\dist\index.js:10:6918)]
    [at async LazyResult.runAsync (turbopack:///[project]/node_modules/postcss/lib/lazy-result.js:293:11)]
    [at async transform (turbopack:///[turbopack-node]/transforms/postcss.ts:70:34)]
    [at async run (turbopack:///[turbopack-node]/child_process/evaluate.ts:89:23)]

Import trace:
  Client Component Browser:
    ./src/app/globals.css [Client Component Browser]
    ./src/app/layout.tsx [Server Component]


[browser] ./src/app/globals.css
Error evaluating Node.js code
CssSyntaxError: tailwindcss: C:\Users\saminur muzaqi\OneDrive\Documents\Symmetrics\frontend\src\app\globals.css:1:1: Cannot apply unknown utility class `btn-duo`
    [at Input.error (turbopack:///[project]/node_modules/postcss/lib/input.js:135:16)]
    [at Root.error (turbopack:///[project]/node_modules/postcss/lib/node.js:149:32)]
    [at Object.Once (C:\Users\saminur muzaqi\OneDrive\Documents\Symmetrics\frontend\node_modules\@tailwindcss\postcss\dist\index.js:10:6918)]
    [at async LazyResult.runAsync (turbopack:///[project]/node_modules/postcss/lib/lazy-result.js:293:11)]
    [at async transform (turbopack:///[turbopack-node]/transforms/postcss.ts:70:34)]
    [at async run (turbopack:///[turbopack-node]/child_process/evaluate.ts:89:23)]

Import trace:
  Client Component Browser:
    ./src/app/globals.css [Client Component Browser]
    ./src/app/layout.tsx [Server Component] 
    at handleErrors (file://C:/Users/saminur muzaqi/OneDrive/Documents/Symmetrics/frontend/.next/dev/static/chunks/node_modules_next_dist_client_16lnmlo._.js:2774:21)
    at processMessage (file://C:/Users/saminur muzaqi/OneDrive/Documents/Symmetrics/frontend/.next/dev/static/chunks/node_modules_next_dist_client_16lnmlo._.js:2835:28)
    at <unknown> (file://C:/Users/saminur muzaqi/OneDrive/Documents/Symmetrics/frontend/.next/dev/static/chunks/node_modules_next_dist_client_16lnmlo._.js:2680:13)
    at WebSocket.handleMessage (file://C:/Users/saminur muzaqi/OneDrive/Documents/Symmetrics/frontend/.next/dev/static/chunks/node_modules_next_dist_client_16lnmlo._.js:2325:17) (file://C:/Users/saminur muzaqi/OneDrive/Documents/Symmetrics/frontend/.next/dev/static/chunks/node_modules_next_dist_client_16lnmlo._.js:2774:21)
[browser] ./src/app/globals.css
Error evaluating Node.js code
CssSyntaxError: tailwindcss: C:\Users\saminur muzaqi\OneDrive\Documents\Symmetrics\frontend\src\app\globals.css:1:1: Cannot apply unknown utility class `btn-duo`
    [at Input.error (turbopack:///[project]/node_modules/postcss/lib/input.js:135:16)]
    [at Root.error (turbopack:///[project]/node_modules/postcss/lib/node.js:149:32)]
    [at Object.Once (C:\Users\saminur muzaqi\OneDrive\Documents\Symmetrics\frontend\node_modules\@tailwindcss\postcss\dist\index.js:10:6918)]
    [at async LazyResult.runAsync (turbopack:///[project]/node_modules/postcss/lib/lazy-result.js:293:11)]
    [at async transform (turbopack:///[turbopack-node]/transforms/postcss.ts:70:34)]
    [at async run (turbopack:///[turbopack-node]/child_process/evaluate.ts:89:23)]

Import trace:
  Client Component Browser:
    ./src/app/globals.css [Client Component Browser]
    ./src/app/layout.tsx [Server Component] 
    at handleErrors (file://C:/Users/saminur muzaqi/OneDrive/Documents/Symmetrics/frontend/.next/dev/static/chunks/node_modules_next_dist_client_16lnmlo._.js:2774:21)
    at processMessage (file://C:/Users/saminur muzaqi/OneDrive/Documents/Symmetrics/frontend/.next/dev/static/chunks/node_modules_next_dist_client_16lnmlo._.js:2835:28)
    at <unknown> (file://C:/Users/saminur muzaqi/OneDrive/Documents/Symmetrics/frontend/.next/dev/static/chunks/node_modules_next_dist_client_16lnmlo._.js:2680:13)
    at WebSocket.handleMessage (file://C:/Users/saminur muzaqi/OneDrive/Documents/Symmetrics/frontend/.next/dev/static/chunks/node_modules_next_dist_client_16lnmlo._.js:2325:17) (file://C:/Users/saminur muzaqi/OneDrive/Documents/Symmetrics/frontend/.next/dev/static/chunks/node_modules_next_dist_client_16lnmlo._.js:2774:21)
[browser] Uncaught Error: ./src/app/globals.css
Error evaluating Node.js code
CssSyntaxError: tailwindcss: C:\Users\saminur muzaqi\OneDrive\Documents\Symmetrics\frontend\src\app\globals.css:1:1: Cannot apply unknown utility class `btn-duo`
    [at Input.error (turbopack:///[project]/node_modules/postcss/lib/input.js:135:16)]
    [at Root.error (turbopack:///[project]/node_modules/postcss/lib/node.js:149:32)]
    [at Object.Once (C:\Users\saminur muzaqi\OneDrive\Documents\Symmetrics\frontend\node_modules\@tailwindcss\postcss\dist\index.js:10:6918)]
    [at async LazyResult.runAsync (turbopack:///[project]/node_modules/postcss/lib/lazy-result.js:293:11)]
    [at async transform (turbopack:///[turbopack-node]/transforms/postcss.ts:70:34)]
    [at async run (turbopack:///[turbopack-node]/child_process/evaluate.ts:89:23)]

Import trace:
  Client Component Browser:
    ./src/app/globals.css [Client Component Browser]
    ./src/app/layout.tsx [Server Component]


[browser] ./src/app/globals.css
Error evaluating Node.js code
CssSyntaxError: tailwindcss: C:\Users\saminur muzaqi\OneDrive\Documents\Symmetrics\frontend\src\app\globals.css:1:1: Cannot apply unknown utility class `btn-duo`
    [at Input.error (turbopack:///[project]/node_modules/postcss/lib/input.js:135:16)]
    [at Root.error (turbopack:///[project]/node_modules/postcss/lib/node.js:149:32)]
    [at Object.Once (C:\Users\saminur muzaqi\OneDrive\Documents\Symmetrics\frontend\node_modules\@tailwindcss\postcss\dist\index.js:10:6918)]
    [at async LazyResult.runAsync (turbopack:///[project]/node_modules/postcss/lib/lazy-result.js:293:11)]
    [at async transform (turbopack:///[turbopack-node]/transforms/postcss.ts:70:34)]
    [at async run (turbopack:///[turbopack-node]/child_process/evaluate.ts:89:23)]

Import trace:
  Client Component Browser:
    ./src/app/globals.css [Client Component Browser]
    ./src/app/layout.tsx [Server Component] 
    at handleErrors (file://C:/Users/saminur muzaqi/OneDrive/Documents/Symmetrics/frontend/.next/dev/static/chunks/node_modules_next_dist_client_16lnmlo._.js:2774:21)
    at processMessage (file://C:/Users/saminur muzaqi/OneDrive/Documents/Symmetrics/frontend/.next/dev/static/chunks/node_modules_next_dist_client_16lnmlo._.js:2835:28)
    at <unknown> (file://C:/Users/saminur muzaqi/OneDrive/Documents/Symmetrics/frontend/.next/dev/static/chunks/node_modules_next_dist_client_16lnmlo._.js:2680:13)
    at WebSocket.handleMessage (file://C:/Users/saminur muzaqi/OneDrive/Documents/Symmetrics/frontend/.next/dev/static/chunks/node_modules_next_dist_client_16lnmlo._.js:2325:17) (file://C:/Users/saminur muzaqi/OneDrive/Documents/Symmetrics/frontend/.next/dev/static/chunks/node_modules_next_dist_client_16lnmlo._.js:2774:21)
[browser] ./src/app/globals.css
Error evaluating Node.js code
CssSyntaxError: tailwindcss: C:\Users\saminur muzaqi\OneDrive\Documents\Symmetrics\frontend\src\app\globals.css:1:1: Cannot apply unknown utility class `btn-duo`
    [at Input.error (turbopack:///[project]/node_modules/postcss/lib/input.js:135:16)]
    [at Root.error (turbopack:///[project]/node_modules/postcss/lib/node.js:149:32)]
    [at Object.Once (C:\Users\saminur muzaqi\OneDrive\Documents\Symmetrics\frontend\node_modules\@tailwindcss\postcss\dist\index.js:10:6918)]
    [at async LazyResult.runAsync (turbopack:///[project]/node_modules/postcss/lib/lazy-result.js:293:11)]
    [at async transform (turbopack:///[turbopack-node]/transforms/postcss.ts:70:34)]
    [at async run (turbopack:///[turbopack-node]/child_process/evaluate.ts:89:23)]

Import trace:
  Client Component Browser:
    ./src/app/globals.css [Client Component Browser]
    ./src/app/layout.tsx [Server Component] 
    at handleErrors (file://C:/Users/saminur muzaqi/OneDrive/Documents/Symmetrics/frontend/.next/dev/static/chunks/node_modules_next_dist_client_16lnmlo._.js:2774:21)
    at processMessage (file://C:/Users/saminur muzaqi/OneDrive/Documents/Symmetrics/frontend/.next/dev/static/chunks/node_modules_next_dist_client_16lnmlo._.js:2835:28)
    at <unknown> (file://C:/Users/saminur muzaqi/OneDrive/Documents/Symmetrics/frontend/.next/dev/static/chunks/node_modules_next_dist_client_16lnmlo._.js:2680:13)
    at WebSocket.handleMessage (file://C:/Users/saminur muzaqi/OneDrive/Documents/Symmetrics/frontend/.next/dev/static/chunks/node_modules_next_dist_client_16lnmlo._.js:2325:17) (file://C:/Users/saminur muzaqi/OneDrive/Documents/Symmetrics/frontend/.next/dev/static/chunks/node_modules_next_dist_client_16lnmlo._.js:2774:21)
[browser] ./src/app/globals.css
Error evaluating Node.js code
CssSyntaxError: tailwindcss: C:\Users\saminur muzaqi\OneDrive\Documents\Symmetrics\frontend\src\app\globals.css:1:1: Cannot apply unknown utility class `btn-duo`
    [at Input.error (turbopack:///[project]/node_modules/postcss/lib/input.js:135:16)]
    [at Root.error (turbopack:///[project]/node_modules/postcss/lib/node.js:149:32)]
    [at Object.Once (C:\Users\saminur muzaqi\OneDrive\Documents\Symmetrics\frontend\node_modules\@tailwindcss\postcss\dist\index.js:10:6918)]
    [at async LazyResult.runAsync (turbopack:///[project]/node_modules/postcss/lib/lazy-result.js:293:11)]
    [at async transform (turbopack:///[turbopack-node]/transforms/postcss.ts:70:34)]
    [at async run (turbopack:///[turbopack-node]/child_process/evaluate.ts:89:23)]

Import trace:
  Client Component Browser:
    ./src/app/globals.css [Client Component Browser]
    ./src/app/layout.tsx [Server Component] 
    at handleErrors (file://C:/Users/saminur muzaqi/OneDrive/Documents/Symmetrics/frontend/.next/dev/static/chunks/node_modules_next_dist_client_16lnmlo._.js:2774:21)
    at processMessage (file://C:/Users/saminur muzaqi/OneDrive/Documents/Symmetrics/frontend/.next/dev/static/chunks/node_modules_next_dist_client_16lnmlo._.js:2835:28)
    at <unknown> (file://C:/Users/saminur muzaqi/OneDrive/Documents/Symmetrics/frontend/.next/dev/static/chunks/node_modules_next_dist_client_16lnmlo._.js:2680:13)
    at WebSocket.handleMessage (file://C:/Users/saminur muzaqi/OneDrive/Documents/Symmetrics/frontend/.next/dev/static/chunks/node_modules_next_dist_client_16lnmlo._.js:2325:17) (file://C:/Users/saminur muzaqi/OneDrive/Documents/Symmetrics/frontend/.next/dev/static/chunks/node_modules_next_dist_client_16lnmlo._.js:2774:21)
[browser] ./src/app/globals.css
Error evaluating Node.js code
CssSyntaxError: tailwindcss: C:\Users\saminur muzaqi\OneDrive\Documents\Symmetrics\frontend\src\app\globals.css:1:1: Cannot apply unknown utility class `btn-duo`
    [at Input.error (turbopack:///[project]/node_modules/postcss/lib/input.js:135:16)]
    [at Root.error (turbopack:///[project]/node_modules/postcss/lib/node.js:149:32)]
    [at Object.Once (C:\Users\saminur muzaqi\OneDrive\Documents\Symmetrics\frontend\node_modules\@tailwindcss\postcss\dist\index.js:10:6918)]
    [at async LazyResult.runAsync (turbopack:///[project]/node_modules/postcss/lib/lazy-result.js:293:11)]
    [at async transform (turbopack:///[turbopack-node]/transforms/postcss.ts:70:34)]
    [at async run (turbopack:///[turbopack-node]/child_process/evaluate.ts:89:23)]

Import trace:
  Client Component Browser:
    ./src/app/globals.css [Client Component Browser]
    ./src/app/layout.tsx [Server Component] 
    at handleErrors (file://C:/Users/saminur muzaqi/OneDrive/Documents/Symmetrics/frontend/.next/dev/static/chunks/node_modules_next_dist_client_16lnmlo._.js:2774:21)
    at processMessage (file://C:/Users/saminur muzaqi/OneDrive/Documents/Symmetrics/frontend/.next/dev/static/chunks/node_modules_next_dist_client_16lnmlo._.js:2835:28)
    at <unknown> (file://C:/Users/saminur muzaqi/OneDrive/Documents/Symmetrics/frontend/.next/dev/static/chunks/node_modules_next_dist_client_16lnmlo._.js:2680:13)
    at WebSocket.handleMessage (file://C:/Users/saminur muzaqi/OneDrive/Documents/Symmetrics/frontend/.next/dev/static/chunks/node_modules_next_dist_client_16lnmlo._.js:2325:17) (file://C:/Users/saminur muzaqi/OneDrive/Documents/Symmetrics/frontend/.next/dev/static/chunks/node_modules_next_dist_client_16lnmlo._.js:2774:21)
[browser] ./src/app/globals.css
Error evaluating Node.js code
CssSyntaxError: tailwindcss: C:\Users\saminur muzaqi\OneDrive\Documents\Symmetrics\frontend\src\app\globals.css:1:1: Cannot apply unknown utility class `btn-duo`
    [at Input.error (turbopack:///[project]/node_modules/postcss/lib/input.js:135:16)]
    [at Root.error (turbopack:///[project]/node_modules/postcss/lib/node.js:149:32)]
    [at Object.Once (C:\Users\saminur muzaqi\OneDrive\Documents\Symmetrics\frontend\node_modules\@tailwindcss\postcss\dist\index.js:10:6918)]
    [at async LazyResult.runAsync (turbopack:///[project]/node_modules/postcss/lib/lazy-result.js:293:11)]
    [at async transform (turbopack:///[turbopack-node]/transforms/postcss.ts:70:34)]
    [at async run (turbopack:///[turbopack-node]/child_process/evaluate.ts:89:23)]

Import trace:
  Client Component Browser:
    ./src/app/globals.css [Client Component Browser]
    ./src/app/layout.tsx [Server Component] 
    at handleErrors (file://C:/Users/saminur muzaqi/OneDrive/Documents/Symmetrics/frontend/.next/dev/static/chunks/node_modules_next_dist_client_16lnmlo._.js:2774:21)
    at processMessage (file://C:/Users/saminur muzaqi/OneDrive/Documents/Symmetrics/frontend/.next/dev/static/chunks/node_modules_next_dist_client_16lnmlo._.js:2835:28)
    at <unknown> (file://C:/Users/saminur muzaqi/OneDrive/Documents/Symmetrics/frontend/.next/dev/static/chunks/node_modules_next_dist_client_16lnmlo._.js:2680:13)
    at WebSocket.handleMessage (file://C:/Users/saminur muzaqi/OneDrive/Documents/Symmetrics/frontend/.next/dev/static/chunks/node_modules_next_dist_client_16lnmlo._.js:2325:17) (file://C:/Users/saminur muzaqi/OneDrive/Documents/Symmetrics/frontend/.next/dev/static/chunks/node_modules_next_dist_client_16lnmlo._.js:2774:21)
[browser] ./src/app/globals.css
Error evaluating Node.js code
CssSyntaxError: tailwindcss: C:\Users\saminur muzaqi\OneDrive\Documents\Symmetrics\frontend\src\app\globals.css:1:1: Cannot apply unknown utility class `btn-duo`
    [at Input.error (turbopack:///[project]/node_modules/postcss/lib/input.js:135:16)]
    [at Root.error (turbopack:///[project]/node_modules/postcss/lib/node.js:149:32)]
    [at Object.Once (C:\Users\saminur muzaqi\OneDrive\Documents\Symmetrics\frontend\node_modules\@tailwindcss\postcss\dist\index.js:10:6918)]
    [at async LazyResult.runAsync (turbopack:///[project]/node_modules/postcss/lib/lazy-result.js:293:11)]
    [at async transform (turbopack:///[turbopack-node]/transforms/postcss.ts:70:34)]
    [at async run (turbopack:///[turbopack-node]/child_process/evaluate.ts:89:23)]

Import trace:
  Client Component Browser:
    ./src/app/globals.css [Client Component Browser]
    ./src/app/layout.tsx [Server Component] 
    at handleErrors (file://C:/Users/saminur muzaqi/OneDrive/Documents/Symmetrics/frontend/.next/dev/static/chunks/node_modules_next_dist_client_16lnmlo._.js:2774:21)
    at processMessage (file://C:/Users/saminur muzaqi/OneDrive/Documents/Symmetrics/frontend/.next/dev/static/chunks/node_modules_next_dist_client_16lnmlo._.js:2835:28)
    at <unknown> (file://C:/Users/saminur muzaqi/OneDrive/Documents/Symmetrics/frontend/.next/dev/static/chunks/node_modules_next_dist_client_16lnmlo._.js:2680:13)
    at WebSocket.handleMessage (file://C:/Users/saminur muzaqi/OneDrive/Documents/Symmetrics/frontend/.next/dev/static/chunks/node_modules_next_dist_client_16lnmlo._.js:2325:17) (file://C:/Users/saminur muzaqi/OneDrive/Documents/Symmetrics/frontend/.next/dev/static/chunks/node_modules_next_dist_client_16lnmlo._.js:2774:21)
[browser] ./src/app/globals.css
Error evaluating Node.js code
CssSyntaxError: tailwindcss: C:\Users\saminur muzaqi\OneDrive\Documents\Symmetrics\frontend\src\app\globals.css:1:1: Cannot apply unknown utility class `btn-duo`
    [at Input.error (turbopack:///[project]/node_modules/postcss/lib/input.js:135:16)]
    [at Root.error (turbopack:///[project]/node_modules/postcss/lib/node.js:149:32)]
    [at Object.Once (C:\Users\saminur muzaqi\OneDrive\Documents\Symmetrics\frontend\node_modules\@tailwindcss\postcss\dist\index.js:10:6918)]
    [at async LazyResult.runAsync (turbopack:///[project]/node_modules/postcss/lib/lazy-result.js:293:11)]
    [at async transform (turbopack:///[turbopack-node]/transforms/postcss.ts:70:34)]
    [at async run (turbopack:///[turbopack-node]/child_process/evaluate.ts:89:23)]

Import trace:
  Client Component Browser:
    ./src/app/globals.css [Client Component Browser]
    ./src/app/layout.tsx [Server Component] 
    at handleErrors (file://C:/Users/saminur muzaqi/OneDrive/Documents/Symmetrics/frontend/.next/dev/static/chunks/node_modules_next_dist_client_16lnmlo._.js:2774:21)
    at processMessage (file://C:/Users/saminur muzaqi/OneDrive/Documents/Symmetrics/frontend/.next/dev/static/chunks/node_modules_next_dist_client_16lnmlo._.js:2835:28)
    at <unknown> (file://C:/Users/saminur muzaqi/OneDrive/Documents/Symmetrics/frontend/.next/dev/static/chunks/node_modules_next_dist_client_16lnmlo._.js:2680:13)
    at WebSocket.handleMessage (file://C:/Users/saminur muzaqi/OneDrive/Documents/Symmetrics/frontend/.next/dev/static/chunks/node_modules_next_dist_client_16lnmlo._.js:2325:17) (file://C:/Users/saminur muzaqi/OneDrive/Documents/Symmetrics/frontend/.next/dev/static/chunks/node_modules_next_dist_client_16lnmlo._.js:2774:21)
[browser] ./src/app/globals.css
Error evaluating Node.js code
CssSyntaxError: tailwindcss: C:\Users\saminur muzaqi\OneDrive\Documents\Symmetrics\frontend\src\app\globals.css:1:1: Cannot apply unknown utility class `btn-duo`
    [at Input.error (turbopack:///[project]/node_modules/postcss/lib/input.js:135:16)]
    [at Root.error (turbopack:///[project]/node_modules/postcss/lib/node.js:149:32)]
    [at Object.Once (C:\Users\saminur muzaqi\OneDrive\Documents\Symmetrics\frontend\node_modules\@tailwindcss\postcss\dist\index.js:10:6918)]
    [at async LazyResult.runAsync (turbopack:///[project]/node_modules/postcss/lib/lazy-result.js:293:11)]
    [at async transform (turbopack:///[turbopack-node]/transforms/postcss.ts:70:34)]
    [at async run (turbopack:///[turbopack-node]/child_process/evaluate.ts:89:23)]

Import trace:
  Client Component Browser:
    ./src/app/globals.css [Client Component Browser]
    ./src/app/layout.tsx [Server Component] 
    at handleErrors (file://C:/Users/saminur muzaqi/OneDrive/Documents/Symmetrics/frontend/.next/dev/static/chunks/node_modules_next_dist_client_16lnmlo._.js:2774:21)
    at processMessage (file://C:/Users/saminur muzaqi/OneDrive/Documents/Symmetrics/frontend/.next/dev/static/chunks/node_modules_next_dist_client_16lnmlo._.js:2835:28)
    at <unknown> (file://C:/Users/saminur muzaqi/OneDrive/Documents/Symmetrics/frontend/.next/dev/static/chunks/node_modules_next_dist_client_16lnmlo._.js:2680:13)
    at WebSocket.handleMessage (file://C:/Users/saminur muzaqi/OneDrive/Documents/Symmetrics/frontend/.next/dev/static/chunks/node_modules_next_dist_client_16lnmlo._.js:2325:17) (file://C:/Users/saminur muzaqi/OneDrive/Documents/Symmetrics/frontend/.next/dev/static/chunks/node_modules_next_dist_client_16lnmlo._.js:2774:21)
⨯ ./src/app/globals.css
Error evaluating Node.js code
CssSyntaxError: tailwindcss: C:\Users\saminur muzaqi\OneDrive\Documents\Symmetrics\frontend\src\app\globals.css:1:1: Cannot apply unknown utility class `btn-duo`
    [at Input.error (turbopack:///[project]/node_modules/postcss/lib/input.js:135:16)]
    [at Root.error (turbopack:///[project]/node_modules/postcss/lib/node.js:149:32)]
    [at Object.Once (C:\Users\saminur muzaqi\OneDrive\Documents\Symmetrics\frontend\node_modules\@tailwindcss\postcss\dist\index.js:10:6918)]
    [at async LazyResult.runAsync (turbopack:///[project]/node_modules/postcss/lib/lazy-result.js:293:11)]
    [at async transform (turbopack:///[turbopack-node]/transforms/postcss.ts:70:34)]
    [at async run (turbopack:///[turbopack-node]/child_process/evaluate.ts:89:23)]

Import trace:
  Client Component Browser:
    ./src/app/globals.css [Client Component Browser]
    ./src/app/layout.tsx [Server Component]


[browser] ./src/app/globals.css
Error evaluating Node.js code
CssSyntaxError: tailwindcss: C:\Users\saminur muzaqi\OneDrive\Documents\Symmetrics\frontend\src\app\globals.css:1:1: Cannot apply unknown utility class `btn-duo`
    [at Input.error (turbopack:///[project]/node_modules/postcss/lib/input.js:135:16)]
    [at Root.error (turbopack:///[project]/node_modules/postcss/lib/node.js:149:32)]
    [at Object.Once (C:\Users\saminur muzaqi\OneDrive\Documents\Symmetrics\frontend\node_modules\@tailwindcss\postcss\dist\index.js:10:6918)]
    [at async LazyResult.runAsync (turbopack:///[project]/node_modules/postcss/lib/lazy-result.js:293:11)]
    [at async transform (turbopack:///[turbopack-node]/transforms/postcss.ts:70:34)]
    [at async run (turbopack:///[turbopack-node]/child_process/evaluate.ts:89:23)]

Import trace:
  Client Component Browser:
    ./src/app/globals.css [Client Component Browser]
    ./src/app/layout.tsx [Server Component] 
    at handleErrors (file://C:/Users/saminur muzaqi/OneDrive/Documents/Symmetrics/frontend/.next/dev/static/chunks/node_modules_next_dist_client_16lnmlo._.js:2774:21)
    at processMessage (file://C:/Users/saminur muzaqi/OneDrive/Documents/Symmetrics/frontend/.next/dev/static/chunks/node_modules_next_dist_client_16lnmlo._.js:2835:28)
    at <unknown> (file://C:/Users/saminur muzaqi/OneDrive/Documents/Symmetrics/frontend/.next/dev/static/chunks/node_modules_next_dist_client_16lnmlo._.js:2680:13)
    at WebSocket.handleMessage (file://C:/Users/saminur muzaqi/OneDrive/Documents/Symmetrics/frontend/.next/dev/static/chunks/node_modules_next_dist_client_16lnmlo._.js:2325:17) (file://C:/Users/saminur muzaqi/OneDrive/Documents/Symmetrics/frontend/.next/dev/static/chunks/node_modules_next_dist_client_16lnmlo._.js:2774:21)
[browser] ./src/app/globals.css
Error evaluating Node.js code
CssSyntaxError: tailwindcss: C:\Users\saminur muzaqi\OneDrive\Documents\Symmetrics\frontend\src\app\globals.css:1:1: Cannot apply unknown utility class `btn-duo`
    [at Input.error (turbopack:///[project]/node_modules/postcss/lib/input.js:135:16)]
    [at Root.error (turbopack:///[project]/node_modules/postcss/lib/node.js:149:32)]
    [at Object.Once (C:\Users\saminur muzaqi\OneDrive\Documents\Symmetrics\frontend\node_modules\@tailwindcss\postcss\dist\index.js:10:6918)]
    [at async LazyResult.runAsync (turbopack:///[project]/node_modules/postcss/lib/lazy-result.js:293:11)]
    [at async transform (turbopack:///[turbopack-node]/transforms/postcss.ts:70:34)]
    [at async run (turbopack:///[turbopack-node]/child_process/evaluate.ts:89:23)]

Import trace:
  Client Component Browser:
    ./src/app/globals.css [Client Component Browser]
    ./src/app/layout.tsx [Server Component] 
    at handleErrors (file://C:/Users/saminur muzaqi/OneDrive/Documents/Symmetrics/frontend/.next/dev/static/chunks/node_modules_next_dist_client_16lnmlo._.js:2774:21)
    at processMessage (file://C:/Users/saminur muzaqi/OneDrive/Documents/Symmetrics/frontend/.next/dev/static/chunks/node_modules_next_dist_client_16lnmlo._.js:2835:28)
    at <unknown> (file://C:/Users/saminur muzaqi/OneDrive/Documents/Symmetrics/frontend/.next/dev/static/chunks/node_modules_next_dist_client_16lnmlo._.js:2680:13)
    at WebSocket.handleMessage (file://C:/Users/saminur muzaqi/OneDrive/Documents/Symmetrics/frontend/.next/dev/static/chunks/node_modules_next_dist_client_16lnmlo._.js:2325:17) (file://C:/Users/saminur muzaqi/OneDrive/Documents/Symmetrics/frontend/.next/dev/static/chunks/node_modules_next_dist_client_16lnmlo._.js:2774:21)
[browser] Uncaught Error: ./src/app/globals.css
Error evaluating Node.js code
CssSyntaxError: tailwindcss: C:\Users\saminur muzaqi\OneDrive\Documents\Symmetrics\frontend\src\app\globals.css:1:1: Cannot apply unknown utility class `btn-duo`
    [at Input.error (turbopack:///[project]/node_modules/postcss/lib/input.js:135:16)]
    [at Root.error (turbopack:///[project]/node_modules/postcss/lib/node.js:149:32)]
    [at Object.Once (C:\Users\saminur muzaqi\OneDrive\Documents\Symmetrics\frontend\node_modules\@tailwindcss\postcss\dist\index.js:10:6918)]
    [at async LazyResult.runAsync (turbopack:///[project]/node_modules/postcss/lib/lazy-result.js:293:11)]
    [at async transform (turbopack:///[turbopack-node]/transforms/postcss.ts:70:34)]
    [at async run (turbopack:///[turbopack-node]/child_process/evaluate.ts:89:23)]

Import trace:
  Client Component Browser:
    ./src/app/globals.css [Client Component Browser]
    ./src/app/layout.tsx [Server Component]


[browser] ./src/app/globals.css
Error evaluating Node.js code
CssSyntaxError: tailwindcss: C:\Users\saminur muzaqi\OneDrive\Documents\Symmetrics\frontend\src\app\globals.css:1:1: Cannot apply unknown utility class `btn-duo`
    [at Input.error (turbopack:///[project]/node_modules/postcss/lib/input.js:135:16)]
    [at Root.error (turbopack:///[project]/node_modules/postcss/lib/node.js:149:32)]
    [at Object.Once (C:\Users\saminur muzaqi\OneDrive\Documents\Symmetrics\frontend\node_modules\@tailwindcss\postcss\dist\index.js:10:6918)]
    [at async LazyResult.runAsync (turbopack:///[project]/node_modules/postcss/lib/lazy-result.js:293:11)]
    [at async transform (turbopack:///[turbopack-node]/transforms/postcss.ts:70:34)]
    [at async run (turbopack:///[turbopack-node]/child_process/evaluate.ts:89:23)]

Import trace:
  Client Component Browser:
    ./src/app/globals.css [Client Component Browser]
    ./src/app/layout.tsx [Server Component] 
    at handleErrors (file://C:/Users/saminur muzaqi/OneDrive/Documents/Symmetrics/frontend/.next/dev/static/chunks/node_modules_next_dist_client_16lnmlo._.js:2774:21)
    at processMessage (file://C:/Users/saminur muzaqi/OneDrive/Documents/Symmetrics/frontend/.next/dev/static/chunks/node_modules_next_dist_client_16lnmlo._.js:2835:28)
    at <unknown> (file://C:/Users/saminur muzaqi/OneDrive/Documents/Symmetrics/frontend/.next/dev/static/chunks/node_modules_next_dist_client_16lnmlo._.js:2680:13)
    at WebSocket.handleMessage (file://C:/Users/saminur muzaqi/OneDrive/Documents/Symmetrics/frontend/.next/dev/static/chunks/node_modules_next_dist_client_16lnmlo._.js:2325:17) (file://C:/Users/saminur muzaqi/OneDrive/Documents/Symmetrics/frontend/.next/dev/static/chunks/node_modules_next_dist_client_16lnmlo._.js:2774:21)
[browser] ./src/app/globals.css
Error evaluating Node.js code
CssSyntaxError: tailwindcss: C:\Users\saminur muzaqi\OneDrive\Documents\Symmetrics\frontend\src\app\globals.css:1:1: Cannot apply unknown utility class `btn-duo`
    [at Input.error (turbopack:///[project]/node_modules/postcss/lib/input.js:135:16)]
    [at Root.error (turbopack:///[project]/node_modules/postcss/lib/node.js:149:32)]
    [at Object.Once (C:\Users\saminur muzaqi\OneDrive\Documents\Symmetrics\frontend\node_modules\@tailwindcss\postcss\dist\index.js:10:6918)]
    [at async LazyResult.runAsync (turbopack:///[project]/node_modules/postcss/lib/lazy-result.js:293:11)]
    [at async transform (turbopack:///[turbopack-node]/transforms/postcss.ts:70:34)]
    [at async run (turbopack:///[turbopack-node]/child_process/evaluate.ts:89:23)]

Import trace:
  Client Component Browser:
    ./src/app/globals.css [Client Component Browser]
    ./src/app/layout.tsx [Server Component] 
    at handleErrors (file://C:/Users/saminur muzaqi/OneDrive/Documents/Symmetrics/frontend/.next/dev/static/chunks/node_modules_next_dist_client_16lnmlo._.js:2774:21)
    at processMessage (file://C:/Users/saminur muzaqi/OneDrive/Documents/Symmetrics/frontend/.next/dev/static/chunks/node_modules_next_dist_client_16lnmlo._.js:2835:28)
    at <unknown> (file://C:/Users/saminur muzaqi/OneDrive/Documents/Symmetrics/frontend/.next/dev/static/chunks/node_modules_next_dist_client_16lnmlo._.js:2680:13)
    at WebSocket.handleMessage (file://C:/Users/saminur muzaqi/OneDrive/Documents/Symmetrics/frontend/.next/dev/static/chunks/node_modules_next_dist_client_16lnmlo._.js:2325:17) (file://C:/Users/saminur muzaqi/OneDrive/Documents/Symmetrics/frontend/.next/dev/static/chunks/node_modules_next_dist_client_16lnmlo._.js:2774:21)
[browser] ./src/app/globals.css
Error evaluating Node.js code
CssSyntaxError: tailwindcss: C:\Users\saminur muzaqi\OneDrive\Documents\Symmetrics\frontend\src\app\globals.css:1:1: Cannot apply unknown utility class `btn-duo`
    [at Input.error (turbopack:///[project]/node_modules/postcss/lib/input.js:135:16)]
    [at Root.error (turbopack:///[project]/node_modules/postcss/lib/node.js:149:32)]
    [at Object.Once (C:\Users\saminur muzaqi\OneDrive\Documents\Symmetrics\frontend\node_modules\@tailwindcss\postcss\dist\index.js:10:6918)]
    [at async LazyResult.runAsync (turbopack:///[project]/node_modules/postcss/lib/lazy-result.js:293:11)]
    [at async transform (turbopack:///[turbopack-node]/transforms/postcss.ts:70:34)]
    [at async run (turbopack:///[turbopack-node]/child_process/evaluate.ts:89:23)]

Import trace:
  Client Component Browser:
    ./src/app/globals.css [Client Component Browser]
    ./src/app/layout.tsx [Server Component] 
    at handleErrors (file://C:/Users/saminur muzaqi/OneDrive/Documents/Symmetrics/frontend/.next/dev/static/chunks/node_modules_next_dist_client_16lnmlo._.js:2774:21)
    at processMessage (file://C:/Users/saminur muzaqi/OneDrive/Documents/Symmetrics/frontend/.next/dev/static/chunks/node_modules_next_dist_client_16lnmlo._.js:2835:28)
    at <unknown> (file://C:/Users/saminur muzaqi/OneDrive/Documents/Symmetrics/frontend/.next/dev/static/chunks/node_modules_next_dist_client_16lnmlo._.js:2680:13)
    at WebSocket.handleMessage (file://C:/Users/saminur muzaqi/OneDrive/Documents/Symmetrics/frontend/.next/dev/static/chunks/node_modules_next_dist_client_16lnmlo._.js:2325:17) (file://C:/Users/saminur muzaqi/OneDrive/Documents/Symmetrics/frontend/.next/dev/static/chunks/node_modules_next_dist_client_16lnmlo._.js:2774:21)
[browser] ./src/app/globals.css
Error evaluating Node.js code
CssSyntaxError: tailwindcss: C:\Users\saminur muzaqi\OneDrive\Documents\Symmetrics\frontend\src\app\globals.css:1:1: Cannot apply unknown utility class `btn-duo`
    [at Input.error (turbopack:///[project]/node_modules/postcss/lib/input.js:135:16)]
    [at Root.error (turbopack:///[project]/node_modules/postcss/lib/node.js:149:32)]
    [at Object.Once (C:\Users\saminur muzaqi\OneDrive\Documents\Symmetrics\frontend\node_modules\@tailwindcss\postcss\dist\index.js:10:6918)]
    [at async LazyResult.runAsync (turbopack:///[project]/node_modules/postcss/lib/lazy-result.js:293:11)]
    [at async transform (turbopack:///[turbopack-node]/transforms/postcss.ts:70:34)]
    [at async run (turbopack:///[turbopack-node]/child_process/evaluate.ts:89:23)]

Import trace:
  Client Component Browser:
    ./src/app/globals.css [Client Component Browser]
    ./src/app/layout.tsx [Server Component] 
    at handleErrors (file://C:/Users/saminur muzaqi/OneDrive/Documents/Symmetrics/frontend/.next/dev/static/chunks/node_modules_next_dist_client_16lnmlo._.js:2774:21)
    at processMessage (file://C:/Users/saminur muzaqi/OneDrive/Documents/Symmetrics/frontend/.next/dev/static/chunks/node_modules_next_dist_client_16lnmlo._.js:2835:28)
    at <unknown> (file://C:/Users/saminur muzaqi/OneDrive/Documents/Symmetrics/frontend/.next/dev/static/chunks/node_modules_next_dist_client_16lnmlo._.js:2680:13)
    at WebSocket.handleMessage (file://C:/Users/saminur muzaqi/OneDrive/Documents/Symmetrics/frontend/.next/dev/static/chunks/node_modules_next_dist_client_16lnmlo._.js:2325:17) (file://C:/Users/saminur muzaqi/OneDrive/Documents/Symmetrics/frontend/.next/dev/static/chunks/node_modules_next_dist_client_16lnmlo._.js:2774:21)
[browser] ./src/app/globals.css
Error evaluating Node.js code
CssSyntaxError: tailwindcss: C:\Users\saminur muzaqi\OneDrive\Documents\Symmetrics\frontend\src\app\globals.css:1:1: Cannot apply unknown utility class `btn-duo`
    [at Input.error (turbopack:///[project]/node_modules/postcss/lib/input.js:135:16)]
    [at Root.error (turbopack:///[project]/node_modules/postcss/lib/node.js:149:32)]
    [at Object.Once (C:\Users\saminur muzaqi\OneDrive\Documents\Symmetrics\frontend\node_modules\@tailwindcss\postcss\dist\index.js:10:6918)]
    [at async LazyResult.runAsync (turbopack:///[project]/node_modules/postcss/lib/lazy-result.js:293:11)]
    [at async transform (turbopack:///[turbopack-node]/transforms/postcss.ts:70:34)]
    [at async run (turbopack:///[turbopack-node]/child_process/evaluate.ts:89:23)]

Import trace:
  Client Component Browser:
    ./src/app/globals.css [Client Component Browser]
    ./src/app/layout.tsx [Server Component] 
    at handleErrors (file://C:/Users/saminur muzaqi/OneDrive/Documents/Symmetrics/frontend/.next/dev/static/chunks/node_modules_next_dist_client_16lnmlo._.js:2774:21)
    at processMessage (file://C:/Users/saminur muzaqi/OneDrive/Documents/Symmetrics/frontend/.next/dev/static/chunks/node_modules_next_dist_client_16lnmlo._.js:2835:28)
    at <unknown> (file://C:/Users/saminur muzaqi/OneDrive/Documents/Symmetrics/frontend/.next/dev/static/chunks/node_modules_next_dist_client_16lnmlo._.js:2680:13)
    at WebSocket.handleMessage (file://C:/Users/saminur muzaqi/OneDrive/Documents/Symmetrics/frontend/.next/dev/static/chunks/node_modules_next_dist_client_16lnmlo._.js:2325:17) (file://C:/Users/saminur muzaqi/OneDrive/Documents/Symmetrics/frontend/.next/dev/static/chunks/node_modules_next_dist_client_16lnmlo._.js:2774:21)
[browser] ./src/app/globals.css
Error evaluating Node.js code
CssSyntaxError: tailwindcss: C:\Users\saminur muzaqi\OneDrive\Documents\Symmetrics\frontend\src\app\globals.css:1:1: Cannot apply unknown utility class `btn-duo`
    [at Input.error (turbopack:///[project]/node_modules/postcss/lib/input.js:135:16)]
    [at Root.error (turbopack:///[project]/node_modules/postcss/lib/node.js:149:32)]
    [at Object.Once (C:\Users\saminur muzaqi\OneDrive\Documents\Symmetrics\frontend\node_modules\@tailwindcss\postcss\dist\index.js:10:6918)]
    [at async LazyResult.runAsync (turbopack:///[project]/node_modules/postcss/lib/lazy-result.js:293:11)]
    [at async transform (turbopack:///[turbopack-node]/transforms/postcss.ts:70:34)]
    [at async run (turbopack:///[turbopack-node]/child_process/evaluate.ts:89:23)]

Import trace:
  Client Component Browser:
    ./src/app/globals.css [Client Component Browser]
    ./src/app/layout.tsx [Server Component] 
    at handleErrors (file://C:/Users/saminur muzaqi/OneDrive/Documents/Symmetrics/frontend/.next/dev/static/chunks/node_modules_next_dist_client_16lnmlo._.js:2774:21)
    at processMessage (file://C:/Users/saminur muzaqi/OneDrive/Documents/Symmetrics/frontend/.next/dev/static/chunks/node_modules_next_dist_client_16lnmlo._.js:2835:28)
    at <unknown> (file://C:/Users/saminur muzaqi/OneDrive/Documents/Symmetrics/frontend/.next/dev/static/chunks/node_modules_next_dist_client_16lnmlo._.js:2680:13)
    at WebSocket.handleMessage (file://C:/Users/saminur muzaqi/OneDrive/Documents/Symmetrics/frontend/.next/dev/static/chunks/node_modules_next_dist_client_16lnmlo._.js:2325:17) (file://C:/Users/saminur muzaqi/OneDrive/Documents/Symmetrics/frontend/.next/dev/static/chunks/node_modules_next_dist_client_16lnmlo._.js:2774:21)
[browser] ./src/app/globals.css
Error evaluating Node.js code
CssSyntaxError: tailwindcss: C:\Users\saminur muzaqi\OneDrive\Documents\Symmetrics\frontend\src\app\globals.css:1:1: Cannot apply unknown utility class `btn-duo`
    [at Input.error (turbopack:///[project]/node_modules/postcss/lib/input.js:135:16)]
    [at Root.error (turbopack:///[project]/node_modules/postcss/lib/node.js:149:32)]
    [at Object.Once (C:\Users\saminur muzaqi\OneDrive\Documents\Symmetrics\frontend\node_modules\@tailwindcss\postcss\dist\index.js:10:6918)]
    [at async LazyResult.runAsync (turbopack:///[project]/node_modules/postcss/lib/lazy-result.js:293:11)]
    [at async transform (turbopack:///[turbopack-node]/transforms/postcss.ts:70:34)]
    [at async run (turbopack:///[turbopack-node]/child_process/evaluate.ts:89:23)]

Import trace:
  Client Component Browser:
    ./src/app/globals.css [Client Component Browser]
    ./src/app/layout.tsx [Server Component] 
    at handleErrors (file://C:/Users/saminur muzaqi/OneDrive/Documents/Symmetrics/frontend/.next/dev/static/chunks/node_modules_next_dist_client_16lnmlo._.js:2774:21)
    at processMessage (file://C:/Users/saminur muzaqi/OneDrive/Documents/Symmetrics/frontend/.next/dev/static/chunks/node_modules_next_dist_client_16lnmlo._.js:2835:28)
    at <unknown> (file://C:/Users/saminur muzaqi/OneDrive/Documents/Symmetrics/frontend/.next/dev/static/chunks/node_modules_next_dist_client_16lnmlo._.js:2680:13)
    at WebSocket.handleMessage (file://C:/Users/saminur muzaqi/OneDrive/Documents/Symmetrics/frontend/.next/dev/static/chunks/node_modules_next_dist_client_16lnmlo._.js:2325:17) (file://C:/Users/saminur muzaqi/OneDrive/Documents/Symmetrics/frontend/.next/dev/static/chunks/node_modules_next_dist_client_16lnmlo._.js:2774:21)
[browser] ./src/app/globals.css
Error evaluating Node.js code
CssSyntaxError: tailwindcss: C:\Users\saminur muzaqi\OneDrive\Documents\Symmetrics\frontend\src\app\globals.css:1:1: Cannot apply unknown utility class `btn-duo`
    [at Input.error (turbopack:///[project]/node_modules/postcss/lib/input.js:135:16)]
    [at Root.error (turbopack:///[project]/node_modules/postcss/lib/node.js:149:32)]
    [at Object.Once (C:\Users\saminur muzaqi\OneDrive\Documents\Symmetrics\frontend\node_modules\@tailwindcss\postcss\dist\index.js:10:6918)]
    [at async LazyResult.runAsync (turbopack:///[project]/node_modules/postcss/lib/lazy-result.js:293:11)]
    [at async transform (turbopack:///[turbopack-node]/transforms/postcss.ts:70:34)]
    [at async run (turbopack:///[turbopack-node]/child_process/evaluate.ts:89:23)]

Import trace:
  Client Component Browser:
    ./src/app/globals.css [Client Component Browser]
    ./src/app/layout.tsx [Server Component] 
    at handleErrors (file://C:/Users/saminur muzaqi/OneDrive/Documents/Symmetrics/frontend/.next/dev/static/chunks/node_modules_next_dist_client_16lnmlo._.js:2774:21)
    at processMessage (file://C:/Users/saminur muzaqi/OneDrive/Documents/Symmetrics/frontend/.next/dev/static/chunks/node_modules_next_dist_client_16lnmlo._.js:2835:28)
    at <unknown> (file://C:/Users/saminur muzaqi/OneDrive/Documents/Symmetrics/frontend/.next/dev/static/chunks/node_modules_next_dist_client_16lnmlo._.js:2680:13)
    at WebSocket.handleMessage (file://C:/Users/saminur muzaqi/OneDrive/Documents/Symmetrics/frontend/.next/dev/static/chunks/node_modules_next_dist_client_16lnmlo._.js:2325:17) (file://C:/Users/saminur muzaqi/OneDrive/Documents/Symmetrics/frontend/.next/dev/static/chunks/node_modules_next_dist_client_16lnmlo._.js:2774:21)
[browser] ./src/app/globals.css
Error evaluating Node.js code
CssSyntaxError: tailwindcss: C:\Users\saminur muzaqi\OneDrive\Documents\Symmetrics\frontend\src\app\globals.css:1:1: Cannot apply unknown utility class `btn-duo`
    [at Input.error (turbopack:///[project]/node_modules/postcss/lib/input.js:135:16)]
    [at Root.error (turbopack:///[project]/node_modules/postcss/lib/node.js:149:32)]
    [at Object.Once (C:\Users\saminur muzaqi\OneDrive\Documents\Symmetrics\frontend\node_modules\@tailwindcss\postcss\dist\index.js:10:6918)]
    [at async LazyResult.runAsync (turbopack:///[project]/node_modules/postcss/lib/lazy-result.js:293:11)]
    [at async transform (turbopack:///[turbopack-node]/transforms/postcss.ts:70:34)]
    [at async run (turbopack:///[turbopack-node]/child_process/evaluate.ts:89:23)]

Import trace:
  Client Component Browser:
    ./src/app/globals.css [Client Component Browser]
    ./src/app/layout.tsx [Server Component] 
    at handleErrors (file://C:/Users/saminur muzaqi/OneDrive/Documents/Symmetrics/frontend/.next/dev/static/chunks/node_modules_next_dist_client_16lnmlo._.js:2774:21)
    at processMessage (file://C:/Users/saminur muzaqi/OneDrive/Documents/Symmetrics/frontend/.next/dev/static/chunks/node_modules_next_dist_client_16lnmlo._.js:2835:28)
    at <unknown> (file://C:/Users/saminur muzaqi/OneDrive/Documents/Symmetrics/frontend/.next/dev/static/chunks/node_modules_next_dist_client_16lnmlo._.js:2680:13)
    at WebSocket.handleMessage (file://C:/Users/saminur muzaqi/OneDrive/Documents/Symmetrics/frontend/.next/dev/static/chunks/node_modules_next_dist_client_16lnmlo._.js:2325:17) (file://C:/Users/saminur muzaqi/OneDrive/Documents/Symmetrics/frontend/.next/dev/static/chunks/node_modules_next_dist_client_16lnmlo._.js:2774:21)
⨯ ./src/app/globals.css
Error evaluating Node.js code
CssSyntaxError: tailwindcss: C:\Users\saminur muzaqi\OneDrive\Documents\Symmetrics\frontend\src\app\globals.css:1:1: Cannot apply unknown utility class `btn-duo`
    [at Input.error (turbopack:///[project]/node_modules/postcss/lib/input.js:135:16)]
    [at Root.error (turbopack:///[project]/node_modules/postcss/lib/node.js:149:32)]
    [at Object.Once (C:\Users\saminur muzaqi\OneDrive\Documents\Symmetrics\frontend\node_modules\@tailwindcss\postcss\dist\index.js:10:6918)]
    [at async LazyResult.runAsync (turbopack:///[project]/node_modules/postcss/lib/lazy-result.js:293:11)]
    [at async transform (turbopack:///[turbopack-node]/transforms/postcss.ts:70:34)]
    [at async run (turbopack:///[turbopack-node]/child_process/evaluate.ts:89:23)]

Import trace:
  Client Component Browser:
    ./src/app/globals.css [Client Component Browser]
    ./src/app/layout.tsx [Server Component]


[browser] ./src/app/globals.css
Error evaluating Node.js code
CssSyntaxError: tailwindcss: C:\Users\saminur muzaqi\OneDrive\Documents\Symmetrics\frontend\src\app\globals.css:1:1: Cannot apply unknown utility class `btn-duo`
    [at Input.error (turbopack:///[project]/node_modules/postcss/lib/input.js:135:16)]
    [at Root.error (turbopack:///[project]/node_modules/postcss/lib/node.js:149:32)]
    [at Object.Once (C:\Users\saminur muzaqi\OneDrive\Documents\Symmetrics\frontend\node_modules\@tailwindcss\postcss\dist\index.js:10:6918)]
    [at async LazyResult.runAsync (turbopack:///[project]/node_modules/postcss/lib/lazy-result.js:293:11)]
    [at async transform (turbopack:///[turbopack-node]/transforms/postcss.ts:70:34)]
    [at async run (turbopack:///[turbopack-node]/child_process/evaluate.ts:89:23)]

Import trace:
  Client Component Browser:
    ./src/app/globals.css [Client Component Browser]
    ./src/app/layout.tsx [Server Component] 
    at handleErrors (file://C:/Users/saminur muzaqi/OneDrive/Documents/Symmetrics/frontend/.next/dev/static/chunks/node_modules_next_dist_client_16lnmlo._.js:2774:21)
    at processMessage (file://C:/Users/saminur muzaqi/OneDrive/Documents/Symmetrics/frontend/.next/dev/static/chunks/node_modules_next_dist_client_16lnmlo._.js:2835:28)
    at <unknown> (file://C:/Users/saminur muzaqi/OneDrive/Documents/Symmetrics/frontend/.next/dev/static/chunks/node_modules_next_dist_client_16lnmlo._.js:2680:13)
    at WebSocket.handleMessage (file://C:/Users/saminur muzaqi/OneDrive/Documents/Symmetrics/frontend/.next/dev/static/chunks/node_modules_next_dist_client_16lnmlo._.js:2325:17) (file://C:/Users/saminur muzaqi/OneDrive/Documents/Symmetrics/frontend/.next/dev/static/chunks/node_modules_next_dist_client_16lnmlo._.js:2774:21)
[browser] ./src/app/globals.css
Error evaluating Node.js code
CssSyntaxError: tailwindcss: C:\Users\saminur muzaqi\OneDrive\Documents\Symmetrics\frontend\src\app\globals.css:1:1: Cannot apply unknown utility class `btn-duo`
    [at Input.error (turbopack:///[project]/node_modules/postcss/lib/input.js:135:16)]
    [at Root.error (turbopack:///[project]/node_modules/postcss/lib/node.js:149:32)]
    [at Object.Once (C:\Users\saminur muzaqi\OneDrive\Documents\Symmetrics\frontend\node_modules\@tailwindcss\postcss\dist\index.js:10:6918)]
    [at async LazyResult.runAsync (turbopack:///[project]/node_modules/postcss/lib/lazy-result.js:293:11)]
    [at async transform (turbopack:///[turbopack-node]/transforms/postcss.ts:70:34)]
    [at async run (turbopack:///[turbopack-node]/child_process/evaluate.ts:89:23)]

Import trace:
  Client Component Browser:
    ./src/app/globals.css [Client Component Browser]
    ./src/app/layout.tsx [Server Component] 
    at handleErrors (file://C:/Users/saminur muzaqi/OneDrive/Documents/Symmetrics/frontend/.next/dev/static/chunks/node_modules_next_dist_client_16lnmlo._.js:2774:21)
    at processMessage (file://C:/Users/saminur muzaqi/OneDrive/Documents/Symmetrics/frontend/.next/dev/static/chunks/node_modules_next_dist_client_16lnmlo._.js:2835:28)
    at <unknown> (file://C:/Users/saminur muzaqi/OneDrive/Documents/Symmetrics/frontend/.next/dev/static/chunks/node_modules_next_dist_client_16lnmlo._.js:2680:13)
    at WebSocket.handleMessage (file://C:/Users/saminur muzaqi/OneDrive/Documents/Symmetrics/frontend/.next/dev/static/chunks/node_modules_next_dist_client_16lnmlo._.js:2325:17) (file://C:/Users/saminur muzaqi/OneDrive/Documents/Symmetrics/frontend/.next/dev/static/chunks/node_modules_next_dist_client_16lnmlo._.js:2774:21)
[browser] Uncaught Error: ./src/app/globals.css
Error evaluating Node.js code
CssSyntaxError: tailwindcss: C:\Users\saminur muzaqi\OneDrive\Documents\Symmetrics\frontend\src\app\globals.css:1:1: Cannot apply unknown utility class `btn-duo`
    [at Input.error (turbopack:///[project]/node_modules/postcss/lib/input.js:135:16)]
    [at Root.error (turbopack:///[project]/node_modules/postcss/lib/node.js:149:32)]
    [at Object.Once (C:\Users\saminur muzaqi\OneDrive\Documents\Symmetrics\frontend\node_modules\@tailwindcss\postcss\dist\index.js:10:6918)]
    [at async LazyResult.runAsync (turbopack:///[project]/node_modules/postcss/lib/lazy-result.js:293:11)]
    [at async transform (turbopack:///[turbopack-node]/transforms/postcss.ts:70:34)]
    [at async run (turbopack:///[turbopack-node]/child_process/evaluate.ts:89:23)]

Import trace:
  Client Component Browser:
    ./src/app/globals.css [Client Component Browser]
    ./src/app/layout.tsx [Server Component]


[browser] ./src/app/globals.css
Error evaluating Node.js code
CssSyntaxError: tailwindcss: C:\Users\saminur muzaqi\OneDrive\Documents\Symmetrics\frontend\src\app\globals.css:1:1: Cannot apply unknown utility class `btn-duo`
    [at Input.error (turbopack:///[project]/node_modules/postcss/lib/input.js:135:16)]
    [at Root.error (turbopack:///[project]/node_modules/postcss/lib/node.js:149:32)]
    [at Object.Once (C:\Users\saminur muzaqi\OneDrive\Documents\Symmetrics\frontend\node_modules\@tailwindcss\postcss\dist\index.js:10:6918)]
    [at async LazyResult.runAsync (turbopack:///[project]/node_modules/postcss/lib/lazy-result.js:293:11)]
    [at async transform (turbopack:///[turbopack-node]/transforms/postcss.ts:70:34)]
    [at async run (turbopack:///[turbopack-node]/child_process/evaluate.ts:89:23)]

Import trace:
  Client Component Browser:
    ./src/app/globals.css [Client Component Browser]
    ./src/app/layout.tsx [Server Component] 
    at handleErrors (file://C:/Users/saminur muzaqi/OneDrive/Documents/Symmetrics/frontend/.next/dev/static/chunks/node_modules_next_dist_client_16lnmlo._.js:2774:21)
    at processMessage (file://C:/Users/saminur muzaqi/OneDrive/Documents/Symmetrics/frontend/.next/dev/static/chunks/node_modules_next_dist_client_16lnmlo._.js:2835:28)
    at <unknown> (file://C:/Users/saminur muzaqi/OneDrive/Documents/Symmetrics/frontend/.next/dev/static/chunks/node_modules_next_dist_client_16lnmlo._.js:2680:13)
    at WebSocket.handleMessage (file://C:/Users/saminur muzaqi/OneDrive/Documents/Symmetrics/frontend/.next/dev/static/chunks/node_modules_next_dist_client_16lnmlo._.js:2325:17) (file://C:/Users/saminur muzaqi/OneDrive/Documents/Symmetrics/frontend/.next/dev/static/chunks/node_modules_next_dist_client_16lnmlo._.js:2774:21)
[browser] ./src/app/globals.css
Error evaluating Node.js code
CssSyntaxError: tailwindcss: C:\Users\saminur muzaqi\OneDrive\Documents\Symmetrics\frontend\src\app\globals.css:1:1: Cannot apply unknown utility class `btn-duo`
    [at Input.error (turbopack:///[project]/node_modules/postcss/lib/input.js:135:16)]
    [at Root.error (turbopack:///[project]/node_modules/postcss/lib/node.js:149:32)]
    [at Object.Once (C:\Users\saminur muzaqi\OneDrive\Documents\Symmetrics\frontend\node_modules\@tailwindcss\postcss\dist\index.js:10:6918)]
    [at async LazyResult.runAsync (turbopack:///[project]/node_modules/postcss/lib/lazy-result.js:293:11)]
    [at async transform (turbopack:///[turbopack-node]/transforms/postcss.ts:70:34)]
    [at async run (turbopack:///[turbopack-node]/child_process/evaluate.ts:89:23)]

Import trace:
  Client Component Browser:
    ./src/app/globals.css [Client Component Browser]
    ./src/app/layout.tsx [Server Component] 
    at handleErrors (file://C:/Users/saminur muzaqi/OneDrive/Documents/Symmetrics/frontend/.next/dev/static/chunks/node_modules_next_dist_client_16lnmlo._.js:2774:21)
    at processMessage (file://C:/Users/saminur muzaqi/OneDrive/Documents/Symmetrics/frontend/.next/dev/static/chunks/node_modules_next_dist_client_16lnmlo._.js:2835:28)
    at <unknown> (file://C:/Users/saminur muzaqi/OneDrive/Documents/Symmetrics/frontend/.next/dev/static/chunks/node_modules_next_dist_client_16lnmlo._.js:2680:13)
    at WebSocket.handleMessage (file://C:/Users/saminur muzaqi/OneDrive/Documents/Symmetrics/frontend/.next/dev/static/chunks/node_modules_next_dist_client_16lnmlo._.js:2325:17) (file://C:/Users/saminur muzaqi/OneDrive/Documents/Symmetrics/frontend/.next/dev/static/chunks/node_modules_next_dist_client_16lnmlo._.js:2774:21)
[browser] ./src/app/globals.css
Error evaluating Node.js code
CssSyntaxError: tailwindcss: C:\Users\saminur muzaqi\OneDrive\Documents\Symmetrics\frontend\src\app\globals.css:1:1: Cannot apply unknown utility class `btn-duo`
    [at Input.error (turbopack:///[project]/node_modules/postcss/lib/input.js:135:16)]
    [at Root.error (turbopack:///[project]/node_modules/postcss/lib/node.js:149:32)]
    [at Object.Once (C:\Users\saminur muzaqi\OneDrive\Documents\Symmetrics\frontend\node_modules\@tailwindcss\postcss\dist\index.js:10:6918)]
    [at async LazyResult.runAsync (turbopack:///[project]/node_modules/postcss/lib/lazy-result.js:293:11)]
    [at async transform (turbopack:///[turbopack-node]/transforms/postcss.ts:70:34)]
    [at async run (turbopack:///[turbopack-node]/child_process/evaluate.ts:89:23)]

Import trace:
  Client Component Browser:
    ./src/app/globals.css [Client Component Browser]
    ./src/app/layout.tsx [Server Component] 
    at handleErrors (file://C:/Users/saminur muzaqi/OneDrive/Documents/Symmetrics/frontend/.next/dev/static/chunks/node_modules_next_dist_client_16lnmlo._.js:2774:21)
    at processMessage (file://C:/Users/saminur muzaqi/OneDrive/Documents/Symmetrics/frontend/.next/dev/static/chunks/node_modules_next_dist_client_16lnmlo._.js:2835:28)
    at <unknown> (file://C:/Users/saminur muzaqi/OneDrive/Documents/Symmetrics/frontend/.next/dev/static/chunks/node_modules_next_dist_client_16lnmlo._.js:2680:13)
    at WebSocket.handleMessage (file://C:/Users/saminur muzaqi/OneDrive/Documents/Symmetrics/frontend/.next/dev/static/chunks/node_modules_next_dist_client_16lnmlo._.js:2325:17) (file://C:/Users/saminur muzaqi/OneDrive/Documents/Symmetrics/frontend/.next/dev/static/chunks/node_modules_next_dist_client_16lnmlo._.js:2774:21)
[browser] ./src/app/globals.css
Error evaluating Node.js code
CssSyntaxError: tailwindcss: C:\Users\saminur muzaqi\OneDrive\Documents\Symmetrics\frontend\src\app\globals.css:1:1: Cannot apply unknown utility class `btn-duo`
    [at Input.error (turbopack:///[project]/node_modules/postcss/lib/input.js:135:16)]
    [at Root.error (turbopack:///[project]/node_modules/postcss/lib/node.js:149:32)]
    [at Object.Once (C:\Users\saminur muzaqi\OneDrive\Documents\Symmetrics\frontend\node_modules\@tailwindcss\postcss\dist\index.js:10:6918)]
    [at async LazyResult.runAsync (turbopack:///[project]/node_modules/postcss/lib/lazy-result.js:293:11)]
    [at async transform (turbopack:///[turbopack-node]/transforms/postcss.ts:70:34)]
    [at async run (turbopack:///[turbopack-node]/child_process/evaluate.ts:89:23)]

Import trace:
  Client Component Browser:
    ./src/app/globals.css [Client Component Browser]
    ./src/app/layout.tsx [Server Component] 
    at handleErrors (file://C:/Users/saminur muzaqi/OneDrive/Documents/Symmetrics/frontend/.next/dev/static/chunks/node_modules_next_dist_client_16lnmlo._.js:2774:21)
    at processMessage (file://C:/Users/saminur muzaqi/OneDrive/Documents/Symmetrics/frontend/.next/dev/static/chunks/node_modules_next_dist_client_16lnmlo._.js:2835:28)
    at <unknown> (file://C:/Users/saminur muzaqi/OneDrive/Documents/Symmetrics/frontend/.next/dev/static/chunks/node_modules_next_dist_client_16lnmlo._.js:2680:13)
    at WebSocket.handleMessage (file://C:/Users/saminur muzaqi/OneDrive/Documents/Symmetrics/frontend/.next/dev/static/chunks/node_modules_next_dist_client_16lnmlo._.js:2325:17) (file://C:/Users/saminur muzaqi/OneDrive/Documents/Symmetrics/frontend/.next/dev/static/chunks/node_modules_next_dist_client_16lnmlo._.js:2774:21)
[browser] ./src/app/globals.css
Error evaluating Node.js code
CssSyntaxError: tailwindcss: C:\Users\saminur muzaqi\OneDrive\Documents\Symmetrics\frontend\src\app\globals.css:1:1: Cannot apply unknown utility class `btn-duo`
    [at Input.error (turbopack:///[project]/node_modules/postcss/lib/input.js:135:16)]
    [at Root.error (turbopack:///[project]/node_modules/postcss/lib/node.js:149:32)]
    [at Object.Once (C:\Users\saminur muzaqi\OneDrive\Documents\Symmetrics\frontend\node_modules\@tailwindcss\postcss\dist\index.js:10:6918)]
    [at async LazyResult.runAsync (turbopack:///[project]/node_modules/postcss/lib/lazy-result.js:293:11)]
    [at async transform (turbopack:///[turbopack-node]/transforms/postcss.ts:70:34)]
    [at async run (turbopack:///[turbopack-node]/child_process/evaluate.ts:89:23)]

Import trace:
  Client Component Browser:
    ./src/app/globals.css [Client Component Browser]
    ./src/app/layout.tsx [Server Component] 
    at handleErrors (file://C:/Users/saminur muzaqi/OneDrive/Documents/Symmetrics/frontend/.next/dev/static/chunks/node_modules_next_dist_client_16lnmlo._.js:2774:21)
    at processMessage (file://C:/Users/saminur muzaqi/OneDrive/Documents/Symmetrics/frontend/.next/dev/static/chunks/node_modules_next_dist_client_16lnmlo._.js:2835:28)
    at <unknown> (file://C:/Users/saminur muzaqi/OneDrive/Documents/Symmetrics/frontend/.next/dev/static/chunks/node_modules_next_dist_client_16lnmlo._.js:2680:13)
    at WebSocket.handleMessage (file://C:/Users/saminur muzaqi/OneDrive/Documents/Symmetrics/frontend/.next/dev/static/chunks/node_modules_next_dist_client_16lnmlo._.js:2325:17) (file://C:/Users/saminur muzaqi/OneDrive/Documents/Symmetrics/frontend/.next/dev/static/chunks/node_modules_next_dist_client_16lnmlo._.js:2774:21)
[browser] ./src/app/globals.css
Error evaluating Node.js code
CssSyntaxError: tailwindcss: C:\Users\saminur muzaqi\OneDrive\Documents\Symmetrics\frontend\src\app\globals.css:1:1: Cannot apply unknown utility class `btn-duo`
    [at Input.error (turbopack:///[project]/node_modules/postcss/lib/input.js:135:16)]
    [at Root.error (turbopack:///[project]/node_modules/postcss/lib/node.js:149:32)]
    [at Object.Once (C:\Users\saminur muzaqi\OneDrive\Documents\Symmetrics\frontend\node_modules\@tailwindcss\postcss\dist\index.js:10:6918)]
    [at async LazyResult.runAsync (turbopack:///[project]/node_modules/postcss/lib/lazy-result.js:293:11)]
    [at async transform (turbopack:///[turbopack-node]/transforms/postcss.ts:70:34)]
    [at async run (turbopack:///[turbopack-node]/child_process/evaluate.ts:89:23)]

Import trace:
  Client Component Browser:
    ./src/app/globals.css [Client Component Browser]
    ./src/app/layout.tsx [Server Component] 
    at handleErrors (file://C:/Users/saminur muzaqi/OneDrive/Documents/Symmetrics/frontend/.next/dev/static/chunks/node_modules_next_dist_client_16lnmlo._.js:2774:21)
    at processMessage (file://C:/Users/saminur muzaqi/OneDrive/Documents/Symmetrics/frontend/.next/dev/static/chunks/node_modules_next_dist_client_16lnmlo._.js:2835:28)
    at <unknown> (file://C:/Users/saminur muzaqi/OneDrive/Documents/Symmetrics/frontend/.next/dev/static/chunks/node_modules_next_dist_client_16lnmlo._.js:2680:13)
    at WebSocket.handleMessage (file://C:/Users/saminur muzaqi/OneDrive/Documents/Symmetrics/frontend/.next/dev/static/chunks/node_modules_next_dist_client_16lnmlo._.js:2325:17) (file://C:/Users/saminur muzaqi/OneDrive/Documents/Symmetrics/frontend/.next/dev/static/chunks/node_modules_next_dist_client_16lnmlo._.js:2774:21)
[browser] ./src/app/globals.css
Error evaluating Node.js code
CssSyntaxError: tailwindcss: C:\Users\saminur muzaqi\OneDrive\Documents\Symmetrics\frontend\src\app\globals.css:1:1: Cannot apply unknown utility class `btn-duo`
    [at Input.error (turbopack:///[project]/node_modules/postcss/lib/input.js:135:16)]
    [at Root.error (turbopack:///[project]/node_modules/postcss/lib/node.js:149:32)]
    [at Object.Once (C:\Users\saminur muzaqi\OneDrive\Documents\Symmetrics\frontend\node_modules\@tailwindcss\postcss\dist\index.js:10:6918)]
    [at async LazyResult.runAsync (turbopack:///[project]/node_modules/postcss/lib/lazy-result.js:293:11)]
    [at async transform (turbopack:///[turbopack-node]/transforms/postcss.ts:70:34)]
    [at async run (turbopack:///[turbopack-node]/child_process/evaluate.ts:89:23)]

Import trace:
  Client Component Browser:
    ./src/app/globals.css [Client Component Browser]
    ./src/app/layout.tsx [Server Component] 
    at handleErrors (file://C:/Users/saminur muzaqi/OneDrive/Documents/Symmetrics/frontend/.next/dev/static/chunks/node_modules_next_dist_client_16lnmlo._.js:2774:21)
    at processMessage (file://C:/Users/saminur muzaqi/OneDrive/Documents/Symmetrics/frontend/.next/dev/static/chunks/node_modules_next_dist_client_16lnmlo._.js:2835:28)
    at <unknown> (file://C:/Users/saminur muzaqi/OneDrive/Documents/Symmetrics/frontend/.next/dev/static/chunks/node_modules_next_dist_client_16lnmlo._.js:2680:13)
    at WebSocket.handleMessage (file://C:/Users/saminur muzaqi/OneDrive/Documents/Symmetrics/frontend/.next/dev/static/chunks/node_modules_next_dist_client_16lnmlo._.js:2325:17) (file://C:/Users/saminur muzaqi/OneDrive/Documents/Symmetrics/frontend/.next/dev/static/chunks/node_modules_next_dist_client_16lnmlo._.js:2774:21)
⨯ ./src/app/globals.css
Error evaluating Node.js code
CssSyntaxError: tailwindcss: C:\Users\saminur muzaqi\OneDrive\Documents\Symmetrics\frontend\src\app\globals.css:1:1: Cannot apply unknown utility class `btn-duo`
    [at Input.error (turbopack:///[project]/node_modules/postcss/lib/input.js:135:16)]
    [at Root.error (turbopack:///[project]/node_modules/postcss/lib/node.js:149:32)]
    [at Object.Once (C:\Users\saminur muzaqi\OneDrive\Documents\Symmetrics\frontend\node_modules\@tailwindcss\postcss\dist\index.js:10:6918)]
    [at async LazyResult.runAsync (turbopack:///[project]/node_modules/postcss/lib/lazy-result.js:293:11)]
    [at async transform (turbopack:///[turbopack-node]/transforms/postcss.ts:70:34)]
    [at async run (turbopack:///[turbopack-node]/child_process/evaluate.ts:89:23)]

Import trace:
  Client Component Browser:
    ./src/app/globals.css [Client Component Browser]
    ./src/app/layout.tsx [Server Component]


[browser] ./src/app/globals.css
Error evaluating Node.js code
CssSyntaxError: tailwindcss: C:\Users\saminur muzaqi\OneDrive\Documents\Symmetrics\frontend\src\app\globals.css:1:1: Cannot apply unknown utility class `btn-duo`
    [at Input.error (turbopack:///[project]/node_modules/postcss/lib/input.js:135:16)]
    [at Root.error (turbopack:///[project]/node_modules/postcss/lib/node.js:149:32)]
    [at Object.Once (C:\Users\saminur muzaqi\OneDrive\Documents\Symmetrics\frontend\node_modules\@tailwindcss\postcss\dist\index.js:10:6918)]
    [at async LazyResult.runAsync (turbopack:///[project]/node_modules/postcss/lib/lazy-result.js:293:11)]
    [at async transform (turbopack:///[turbopack-node]/transforms/postcss.ts:70:34)]
    [at async run (turbopack:///[turbopack-node]/child_process/evaluate.ts:89:23)]

Import trace:
  Client Component Browser:
    ./src/app/globals.css [Client Component Browser]
    ./src/app/layout.tsx [Server Component] 
    at handleErrors (file://C:/Users/saminur muzaqi/OneDrive/Documents/Symmetrics/frontend/.next/dev/static/chunks/node_modules_next_dist_client_16lnmlo._.js:2774:21)
    at processMessage (file://C:/Users/saminur muzaqi/OneDrive/Documents/Symmetrics/frontend/.next/dev/static/chunks/node_modules_next_dist_client_16lnmlo._.js:2835:28)
    at <unknown> (file://C:/Users/saminur muzaqi/OneDrive/Documents/Symmetrics/frontend/.next/dev/static/chunks/node_modules_next_dist_client_16lnmlo._.js:2680:13)
    at WebSocket.handleMessage (file://C:/Users/saminur muzaqi/OneDrive/Documents/Symmetrics/frontend/.next/dev/static/chunks/node_modules_next_dist_client_16lnmlo._.js:2325:17) (file://C:/Users/saminur muzaqi/OneDrive/Documents/Symmetrics/frontend/.next/dev/static/chunks/node_modules_next_dist_client_16lnmlo._.js:2774:21)
⨯ ./src/app/globals.css
Error evaluating Node.js code
CssSyntaxError: tailwindcss: C:\Users\saminur muzaqi\OneDrive\Documents\Symmetrics\frontend\src\app\globals.css:1:1: Cannot apply unknown utility class `btn-duo`
    [at Input.error (turbopack:///[project]/node_modules/postcss/lib/input.js:135:16)]
    [at Root.error (turbopack:///[project]/node_modules/postcss/lib/node.js:149:32)]
    [at Object.Once (C:\Users\saminur muzaqi\OneDrive\Documents\Symmetrics\frontend\node_modules\@tailwindcss\postcss\dist\index.js:10:6918)]
    [at async LazyResult.runAsync (turbopack:///[project]/node_modules/postcss/lib/lazy-result.js:293:11)]
    [at async transform (turbopack:///[turbopack-node]/transforms/postcss.ts:70:34)]
    [at async run (turbopack:///[turbopack-node]/child_process/evaluate.ts:89:23)]

Import trace:
  Client Component Browser:
    ./src/app/globals.css [Client Component Browser]
    ./src/app/layout.tsx [Server Component]


[browser] ./src/app/globals.css
Error evaluating Node.js code
CssSyntaxError: tailwindcss: C:\Users\saminur muzaqi\OneDrive\Documents\Symmetrics\frontend\src\app\globals.css:1:1: Cannot apply unknown utility class `btn-duo`
    [at Input.error (turbopack:///[project]/node_modules/postcss/lib/input.js:135:16)]
    [at Root.error (turbopack:///[project]/node_modules/postcss/lib/node.js:149:32)]
    [at Object.Once (C:\Users\saminur muzaqi\OneDrive\Documents\Symmetrics\frontend\node_modules\@tailwindcss\postcss\dist\index.js:10:6918)]
    [at async LazyResult.runAsync (turbopack:///[project]/node_modules/postcss/lib/lazy-result.js:293:11)]
    [at async transform (turbopack:///[turbopack-node]/transforms/postcss.ts:70:34)]
    [at async run (turbopack:///[turbopack-node]/child_process/evaluate.ts:89:23)]

Import trace:
  Client Component Browser:
    ./src/app/globals.css [Client Component Browser]
    ./src/app/layout.tsx [Server Component] 
    at handleErrors (file://C:/Users/saminur muzaqi/OneDrive/Documents/Symmetrics/frontend/.next/dev/static/chunks/node_modules_next_dist_client_16lnmlo._.js:2774:21)
    at processMessage (file://C:/Users/saminur muzaqi/OneDrive/Documents/Symmetrics/frontend/.next/dev/static/chunks/node_modules_next_dist_client_16lnmlo._.js:2835:28)
    at <unknown> (file://C:/Users/saminur muzaqi/OneDrive/Documents/Symmetrics/frontend/.next/dev/static/chunks/node_modules_next_dist_client_16lnmlo._.js:2680:13)
    at WebSocket.handleMessage (file://C:/Users/saminur muzaqi/OneDrive/Documents/Symmetrics/frontend/.next/dev/static/chunks/node_modules_next_dist_client_16lnmlo._.js:2325:17) (file://C:/Users/saminur muzaqi/OneDrive/Documents/Symmetrics/frontend/.next/dev/static/chunks/node_modules_next_dist_client_16lnmlo._.js:2774:21)
[browser] ./src/app/globals.css
Error evaluating Node.js code
CssSyntaxError: tailwindcss: C:\Users\saminur muzaqi\OneDrive\Documents\Symmetrics\frontend\src\app\globals.css:1:1: Cannot apply unknown utility class `btn-duo`
    [at Input.error (turbopack:///[project]/node_modules/postcss/lib/input.js:135:16)]
    [at Root.error (turbopack:///[project]/node_modules/postcss/lib/node.js:149:32)]
    [at Object.Once (C:\Users\saminur muzaqi\OneDrive\Documents\Symmetrics\frontend\node_modules\@tailwindcss\postcss\dist\index.js:10:6918)]
    [at async LazyResult.runAsync (turbopack:///[project]/node_modules/postcss/lib/lazy-result.js:293:11)]
    [at async transform (turbopack:///[turbopack-node]/transforms/postcss.ts:70:34)]
    [at async run (turbopack:///[turbopack-node]/child_process/evaluate.ts:89:23)]

Import trace:
  Client Component Browser:
    ./src/app/globals.css [Client Component Browser]
    ./src/app/layout.tsx [Server Component] 
    at handleErrors (file://C:/Users/saminur muzaqi/OneDrive/Documents/Symmetrics/frontend/.next/dev/static/chunks/node_modules_next_dist_client_16lnmlo._.js:2774:21)
    at processMessage (file://C:/Users/saminur muzaqi/OneDrive/Documents/Symmetrics/frontend/.next/dev/static/chunks/node_modules_next_dist_client_16lnmlo._.js:2835:28)
    at <unknown> (file://C:/Users/saminur muzaqi/OneDrive/Documents/Symmetrics/frontend/.next/dev/static/chunks/node_modules_next_dist_client_16lnmlo._.js:2680:13)
    at WebSocket.handleMessage (file://C:/Users/saminur muzaqi/OneDrive/Documents/Symmetrics/frontend/.next/dev/static/chunks/node_modules_next_dist_client_16lnmlo._.js:2325:17) (file://C:/Users/saminur muzaqi/OneDrive/Documents/Symmetrics/frontend/.next/dev/static/chunks/node_modules_next_dist_client_16lnmlo._.js:2774:21)
⨯ ./src/app/globals.css
Error evaluating Node.js code
CssSyntaxError: tailwindcss: C:\Users\saminur muzaqi\OneDrive\Documents\Symmetrics\frontend\src\app\globals.css:1:1: Cannot apply unknown utility class `btn-duo`
    [at Input.error (turbopack:///[project]/node_modules/postcss/lib/input.js:135:16)]
    [at Root.error (turbopack:///[project]/node_modules/postcss/lib/node.js:149:32)]
    [at Object.Once (C:\Users\saminur muzaqi\OneDrive\Documents\Symmetrics\frontend\node_modules\@tailwindcss\postcss\dist\index.js:10:6918)]
    [at async LazyResult.runAsync (turbopack:///[project]/node_modules/postcss/lib/lazy-result.js:293:11)]
    [at async transform (turbopack:///[turbopack-node]/transforms/postcss.ts:70:34)]
    [at async run (turbopack:///[turbopack-node]/child_process/evaluate.ts:89:23)]

Import trace:
  Client Component Browser:
    ./src/app/globals.css [Client Component Browser]
    ./src/app/layout.tsx [Server Component]


[browser] ./src/app/globals.css
Error evaluating Node.js code
CssSyntaxError: tailwindcss: C:\Users\saminur muzaqi\OneDrive\Documents\Symmetrics\frontend\src\app\globals.css:1:1: Cannot apply unknown utility class `btn-duo`
    [at Input.error (turbopack:///[project]/node_modules/postcss/lib/input.js:135:16)]
    [at Root.error (turbopack:///[project]/node_modules/postcss/lib/node.js:149:32)]
    [at Object.Once (C:\Users\saminur muzaqi\OneDrive\Documents\Symmetrics\frontend\node_modules\@tailwindcss\postcss\dist\index.js:10:6918)]
    [at async LazyResult.runAsync (turbopack:///[project]/node_modules/postcss/lib/lazy-result.js:293:11)]
    [at async transform (turbopack:///[turbopack-node]/transforms/postcss.ts:70:34)]
    [at async run (turbopack:///[turbopack-node]/child_process/evaluate.ts:89:23)]

Import trace:
  Client Component Browser:
    ./src/app/globals.css [Client Component Browser]
    ./src/app/layout.tsx [Server Component] 
    at handleErrors (file://C:/Users/saminur muzaqi/OneDrive/Documents/Symmetrics/frontend/.next/dev/static/chunks/node_modules_next_dist_client_16lnmlo._.js:2774:21)
    at processMessage (file://C:/Users/saminur muzaqi/OneDrive/Documents/Symmetrics/frontend/.next/dev/static/chunks/node_modules_next_dist_client_16lnmlo._.js:2835:28)
    at <unknown> (file://C:/Users/saminur muzaqi/OneDrive/Documents/Symmetrics/frontend/.next/dev/static/chunks/node_modules_next_dist_client_16lnmlo._.js:2680:13)
    at WebSocket.handleMessage (file://C:/Users/saminur muzaqi/OneDrive/Documents/Symmetrics/frontend/.next/dev/static/chunks/node_modules_next_dist_client_16lnmlo._.js:2325:17) (file://C:/Users/saminur muzaqi/OneDrive/Documents/Symmetrics/frontend/.next/dev/static/chunks/node_modules_next_dist_client_16lnmlo._.js:2774:21)
[browser] ./src/app/globals.css
Error evaluating Node.js code
CssSyntaxError: tailwindcss: C:\Users\saminur muzaqi\OneDrive\Documents\Symmetrics\frontend\src\app\globals.css:1:1: Cannot apply unknown utility class `btn-duo`
    [at Input.error (turbopack:///[project]/node_modules/postcss/lib/input.js:135:16)]
    [at Root.error (turbopack:///[project]/node_modules/postcss/lib/node.js:149:32)]
    [at Object.Once (C:\Users\saminur muzaqi\OneDrive\Documents\Symmetrics\frontend\node_modules\@tailwindcss\postcss\dist\index.js:10:6918)]
    [at async LazyResult.runAsync (turbopack:///[project]/node_modules/postcss/lib/lazy-result.js:293:11)]
    [at async transform (turbopack:///[turbopack-node]/transforms/postcss.ts:70:34)]
    [at async run (turbopack:///[turbopack-node]/child_process/evaluate.ts:89:23)]

Import trace:
  Client Component Browser:
    ./src/app/globals.css [Client Component Browser]
    ./src/app/layout.tsx [Server Component] 
    at handleErrors (file://C:/Users/saminur muzaqi/OneDrive/Documents/Symmetrics/frontend/.next/dev/static/chunks/node_modules_next_dist_client_16lnmlo._.js:2774:21)
    at processMessage (file://C:/Users/saminur muzaqi/OneDrive/Documents/Symmetrics/frontend/.next/dev/static/chunks/node_modules_next_dist_client_16lnmlo._.js:2835:28)
    at <unknown> (file://C:/Users/saminur muzaqi/OneDrive/Documents/Symmetrics/frontend/.next/dev/static/chunks/node_modules_next_dist_client_16lnmlo._.js:2680:13)
    at WebSocket.handleMessage (file://C:/Users/saminur muzaqi/OneDrive/Documents/Symmetrics/frontend/.next/dev/static/chunks/node_modules_next_dist_client_16lnmlo._.js:2325:17) (file://C:/Users/saminur muzaqi/OneDrive/Documents/Symmetrics/frontend/.next/dev/static/chunks/node_modules_next_dist_client_16lnmlo._.js:2774:21)
⨯ ./src/app/globals.css
Error evaluating Node.js code
CssSyntaxError: tailwindcss: C:\Users\saminur muzaqi\OneDrive\Documents\Symmetrics\frontend\src\app\globals.css:1:1: Cannot apply unknown utility class `btn-duo`
    [at Input.error (turbopack:///[project]/node_modules/postcss/lib/input.js:135:16)]
    [at Root.error (turbopack:///[project]/node_modules/postcss/lib/node.js:149:32)]
    [at Object.Once (C:\Users\saminur muzaqi\OneDrive\Documents\Symmetrics\frontend\node_modules\@tailwindcss\postcss\dist\index.js:10:6918)]
    [at async LazyResult.runAsync (turbopack:///[project]/node_modules/postcss/lib/lazy-result.js:293:11)]
    [at async transform (turbopack:///[turbopack-node]/transforms/postcss.ts:70:34)]
    [at async run (turbopack:///[turbopack-node]/child_process/evaluate.ts:89:23)]

Import trace:
  Client Component Browser:
    ./src/app/globals.css [Client Component Browser]
    ./src/app/layout.tsx [Server Component]


[browser] ./src/app/globals.css
Error evaluating Node.js code
CssSyntaxError: tailwindcss: C:\Users\saminur muzaqi\OneDrive\Documents\Symmetrics\frontend\src\app\globals.css:1:1: Cannot apply unknown utility class `btn-duo`
    [at Input.error (turbopack:///[project]/node_modules/postcss/lib/input.js:135:16)]
    [at Root.error (turbopack:///[project]/node_modules/postcss/lib/node.js:149:32)]
    [at Object.Once (C:\Users\saminur muzaqi\OneDrive\Documents\Symmetrics\frontend\node_modules\@tailwindcss\postcss\dist\index.js:10:6918)]
    [at async LazyResult.runAsync (turbopack:///[project]/node_modules/postcss/lib/lazy-result.js:293:11)]
    [at async transform (turbopack:///[turbopack-node]/transforms/postcss.ts:70:34)]
    [at async run (turbopack:///[turbopack-node]/child_process/evaluate.ts:89:23)]

Import trace:
  Client Component Browser:
    ./src/app/globals.css [Client Component Browser]
    ./src/app/layout.tsx [Server Component] 
    at handleErrors (file://C:/Users/saminur muzaqi/OneDrive/Documents/Symmetrics/frontend/.next/dev/static/chunks/node_modules_next_dist_client_16lnmlo._.js:2774:21)
    at processMessage (file://C:/Users/saminur muzaqi/OneDrive/Documents/Symmetrics/frontend/.next/dev/static/chunks/node_modules_next_dist_client_16lnmlo._.js:2835:28)
    at <unknown> (file://C:/Users/saminur muzaqi/OneDrive/Documents/Symmetrics/frontend/.next/dev/static/chunks/node_modules_next_dist_client_16lnmlo._.js:2680:13)
    at WebSocket.handleMessage (file://C:/Users/saminur muzaqi/OneDrive/Documents/Symmetrics/frontend/.next/dev/static/chunks/node_modules_next_dist_client_16lnmlo._.js:2325:17) (file://C:/Users/saminur muzaqi/OneDrive/Documents/Symmetrics/frontend/.next/dev/static/chunks/node_modules_next_dist_client_16lnmlo._.js:2774:21)
[browser] ./src/app/globals.css
Error evaluating Node.js code
CssSyntaxError: tailwindcss: C:\Users\saminur muzaqi\OneDrive\Documents\Symmetrics\frontend\src\app\globals.css:1:1: Cannot apply unknown utility class `btn-duo`
    [at Input.error (turbopack:///[project]/node_modules/postcss/lib/input.js:135:16)]
    [at Root.error (turbopack:///[project]/node_modules/postcss/lib/node.js:149:32)]
    [at Object.Once (C:\Users\saminur muzaqi\OneDrive\Documents\Symmetrics\frontend\node_modules\@tailwindcss\postcss\dist\index.js:10:6918)]
    [at async LazyResult.runAsync (turbopack:///[project]/node_modules/postcss/lib/lazy-result.js:293:11)]
    [at async transform (turbopack:///[turbopack-node]/transforms/postcss.ts:70:34)]
    [at async run (turbopack:///[turbopack-node]/child_process/evaluate.ts:89:23)]

Import trace:
  Client Component Browser:
    ./src/app/globals.css [Client Component Browser]
    ./src/app/layout.tsx [Server Component] 
    at handleErrors (file://C:/Users/saminur muzaqi/OneDrive/Documents/Symmetrics/frontend/.next/dev/static/chunks/node_modules_next_dist_client_16lnmlo._.js:2774:21)
    at processMessage (file://C:/Users/saminur muzaqi/OneDrive/Documents/Symmetrics/frontend/.next/dev/static/chunks/node_modules_next_dist_client_16lnmlo._.js:2835:28)
    at <unknown> (file://C:/Users/saminur muzaqi/OneDrive/Documents/Symmetrics/frontend/.next/dev/static/chunks/node_modules_next_dist_client_16lnmlo._.js:2680:13)
    at WebSocket.handleMessage (file://C:/Users/saminur muzaqi/OneDrive/Documents/Symmetrics/frontend/.next/dev/static/chunks/node_modules_next_dist_client_16lnmlo._.js:2325:17) (file://C:/Users/saminur muzaqi/OneDrive/Documents/Symmetrics/frontend/.next/dev/static/chunks/node_modules_next_dist_client_16lnmlo._.js:2774:21)
⨯ ./src/app/globals.css
Error evaluating Node.js code
CssSyntaxError: tailwindcss: C:\Users\saminur muzaqi\OneDrive\Documents\Symmetrics\frontend\src\app\globals.css:1:1: Cannot apply unknown utility class `btn-duo`
    [at Input.error (turbopack:///[project]/node_modules/postcss/lib/input.js:135:16)]
    [at Root.error (turbopack:///[project]/node_modules/postcss/lib/node.js:149:32)]
    [at Object.Once (C:\Users\saminur muzaqi\OneDrive\Documents\Symmetrics\frontend\node_modules\@tailwindcss\postcss\dist\index.js:10:6918)]
    [at async LazyResult.runAsync (turbopack:///[project]/node_modules/postcss/lib/lazy-result.js:293:11)]
    [at async transform (turbopack:///[turbopack-node]/transforms/postcss.ts:70:34)]
    [at async run (turbopack:///[turbopack-node]/child_process/evaluate.ts:89:23)]

Import trace:
  Client Component Browser:
    ./src/app/globals.css [Client Component Browser]
    ./src/app/layout.tsx [Server Component]


[browser] ./src/app/globals.css
Error evaluating Node.js code
CssSyntaxError: tailwindcss: C:\Users\saminur muzaqi\OneDrive\Documents\Symmetrics\frontend\src\app\globals.css:1:1: Cannot apply unknown utility class `btn-duo`
    [at Input.error (turbopack:///[project]/node_modules/postcss/lib/input.js:135:16)]
    [at Root.error (turbopack:///[project]/node_modules/postcss/lib/node.js:149:32)]
    [at Object.Once (C:\Users\saminur muzaqi\OneDrive\Documents\Symmetrics\frontend\node_modules\@tailwindcss\postcss\dist\index.js:10:6918)]
    [at async LazyResult.runAsync (turbopack:///[project]/node_modules/postcss/lib/lazy-result.js:293:11)]
    [at async transform (turbopack:///[turbopack-node]/transforms/postcss.ts:70:34)]
    [at async run (turbopack:///[turbopack-node]/child_process/evaluate.ts:89:23)]

Import trace:
  Client Component Browser:
    ./src/app/globals.css [Client Component Browser]
    ./src/app/layout.tsx [Server Component] 
    at handleErrors (file://C:/Users/saminur muzaqi/OneDrive/Documents/Symmetrics/frontend/.next/dev/static/chunks/node_modules_next_dist_client_16lnmlo._.js:2774:21)
    at processMessage (file://C:/Users/saminur muzaqi/OneDrive/Documents/Symmetrics/frontend/.next/dev/static/chunks/node_modules_next_dist_client_16lnmlo._.js:2835:28)
    at <unknown> (file://C:/Users/saminur muzaqi/OneDrive/Documents/Symmetrics/frontend/.next/dev/static/chunks/node_modules_next_dist_client_16lnmlo._.js:2680:13)
    at WebSocket.handleMessage (file://C:/Users/saminur muzaqi/OneDrive/Documents/Symmetrics/frontend/.next/dev/static/chunks/node_modules_next_dist_client_16lnmlo._.js:2325:17) (file://C:/Users/saminur muzaqi/OneDrive/Documents/Symmetrics/frontend/.next/dev/static/chunks/node_modules_next_dist_client_16lnmlo._.js:2774:21)
[browser] ./src/app/globals.css
Error evaluating Node.js code
CssSyntaxError: tailwindcss: C:\Users\saminur muzaqi\OneDrive\Documents\Symmetrics\frontend\src\app\globals.css:1:1: Cannot apply unknown utility class `btn-duo`
    [at Input.error (turbopack:///[project]/node_modules/postcss/lib/input.js:135:16)]
    [at Root.error (turbopack:///[project]/node_modules/postcss/lib/node.js:149:32)]
    [at Object.Once (C:\Users\saminur muzaqi\OneDrive\Documents\Symmetrics\frontend\node_modules\@tailwindcss\postcss\dist\index.js:10:6918)]
    [at async LazyResult.runAsync (turbopack:///[project]/node_modules/postcss/lib/lazy-result.js:293:11)]
    [at async transform (turbopack:///[turbopack-node]/transforms/postcss.ts:70:34)]
    [at async run (turbopack:///[turbopack-node]/child_process/evaluate.ts:89:23)]

Import trace:
  Client Component Browser:
    ./src/app/globals.css [Client Component Browser]
    ./src/app/layout.tsx [Server Component] 
    at handleErrors (file://C:/Users/saminur muzaqi/OneDrive/Documents/Symmetrics/frontend/.next/dev/static/chunks/node_modules_next_dist_client_16lnmlo._.js:2774:21)
    at processMessage (file://C:/Users/saminur muzaqi/OneDrive/Documents/Symmetrics/frontend/.next/dev/static/chunks/node_modules_next_dist_client_16lnmlo._.js:2835:28)
    at <unknown> (file://C:/Users/saminur muzaqi/OneDrive/Documents/Symmetrics/frontend/.next/dev/static/chunks/node_modules_next_dist_client_16lnmlo._.js:2680:13)
    at WebSocket.handleMessage (file://C:/Users/saminur muzaqi/OneDrive/Documents/Symmetrics/frontend/.next/dev/static/chunks/node_modules_next_dist_client_16lnmlo._.js:2325:17) (file://C:/Users/saminur muzaqi/OneDrive/Documents/Symmetrics/frontend/.next/dev/static/chunks/node_modules_next_dist_client_16lnmlo._.js:2774:21)
⨯ ./src/app/globals.css
Error evaluating Node.js code
CssSyntaxError: tailwindcss: C:\Users\saminur muzaqi\OneDrive\Documents\Symmetrics\frontend\src\app\globals.css:1:1: Cannot apply unknown utility class `btn-duo`
    [at Input.error (turbopack:///[project]/node_modules/postcss/lib/input.js:135:16)]
    [at Root.error (turbopack:///[project]/node_modules/postcss/lib/node.js:149:32)]
    [at Object.Once (C:\Users\saminur muzaqi\OneDrive\Documents\Symmetrics\frontend\node_modules\@tailwindcss\postcss\dist\index.js:10:6918)]
    [at async LazyResult.runAsync (turbopack:///[project]/node_modules/postcss/lib/lazy-result.js:293:11)]
    [at async transform (turbopack:///[turbopack-node]/transforms/postcss.ts:70:34)]
    [at async run (turbopack:///[turbopack-node]/child_process/evaluate.ts:89:23)]

Import trace:
  Client Component Browser:
    ./src/app/globals.css [Client Component Browser]
    ./src/app/layout.tsx [Server Component]


[browser] ./src/app/globals.css
Error evaluating Node.js code
CssSyntaxError: tailwindcss: C:\Users\saminur muzaqi\OneDrive\Documents\Symmetrics\frontend\src\app\globals.css:1:1: Cannot apply unknown utility class `btn-duo`
    [at Input.error (turbopack:///[project]/node_modules/postcss/lib/input.js:135:16)]
    [at Root.error (turbopack:///[project]/node_modules/postcss/lib/node.js:149:32)]
    [at Object.Once (C:\Users\saminur muzaqi\OneDrive\Documents\Symmetrics\frontend\node_modules\@tailwindcss\postcss\dist\index.js:10:6918)]
    [at async LazyResult.runAsync (turbopack:///[project]/node_modules/postcss/lib/lazy-result.js:293:11)]
    [at async transform (turbopack:///[turbopack-node]/transforms/postcss.ts:70:34)]
    [at async run (turbopack:///[turbopack-node]/child_process/evaluate.ts:89:23)]

Import trace:
  Client Component Browser:
    ./src/app/globals.css [Client Component Browser]
    ./src/app/layout.tsx [Server Component] 
    at handleErrors (file://C:/Users/saminur muzaqi/OneDrive/Documents/Symmetrics/frontend/.next/dev/static/chunks/node_modules_next_dist_client_16lnmlo._.js:2774:21)
    at processMessage (file://C:/Users/saminur muzaqi/OneDrive/Documents/Symmetrics/frontend/.next/dev/static/chunks/node_modules_next_dist_client_16lnmlo._.js:2835:28)
    at <unknown> (file://C:/Users/saminur muzaqi/OneDrive/Documents/Symmetrics/frontend/.next/dev/static/chunks/node_modules_next_dist_client_16lnmlo._.js:2680:13)
    at WebSocket.handleMessage (file://C:/Users/saminur muzaqi/OneDrive/Documents/Symmetrics/frontend/.next/dev/static/chunks/node_modules_next_dist_client_16lnmlo._.js:2325:17) (file://C:/Users/saminur muzaqi/OneDrive/Documents/Symmetrics/frontend/.next/dev/static/chunks/node_modules_next_dist_client_16lnmlo._.js:2774:21)
[browser] ./src/app/globals.css
Error evaluating Node.js code
CssSyntaxError: tailwindcss: C:\Users\saminur muzaqi\OneDrive\Documents\Symmetrics\frontend\src\app\globals.css:1:1: Cannot apply unknown utility class `btn-duo`
    [at Input.error (turbopack:///[project]/node_modules/postcss/lib/input.js:135:16)]
    [at Root.error (turbopack:///[project]/node_modules/postcss/lib/node.js:149:32)]
    [at Object.Once (C:\Users\saminur muzaqi\OneDrive\Documents\Symmetrics\frontend\node_modules\@tailwindcss\postcss\dist\index.js:10:6918)]
    [at async LazyResult.runAsync (turbopack:///[project]/node_modules/postcss/lib/lazy-result.js:293:11)]
    [at async transform (turbopack:///[turbopack-node]/transforms/postcss.ts:70:34)]
    [at async run (turbopack:///[turbopack-node]/child_process/evaluate.ts:89:23)]

Import trace:
  Client Component Browser:
    ./src/app/globals.css [Client Component Browser]
    ./src/app/layout.tsx [Server Component] 
    at handleErrors (file://C:/Users/saminur muzaqi/OneDrive/Documents/Symmetrics/frontend/.next/dev/static/chunks/node_modules_next_dist_client_16lnmlo._.js:2774:21)
    at processMessage (file://C:/Users/saminur muzaqi/OneDrive/Documents/Symmetrics/frontend/.next/dev/static/chunks/node_modules_next_dist_client_16lnmlo._.js:2835:28)
    at <unknown> (file://C:/Users/saminur muzaqi/OneDrive/Documents/Symmetrics/frontend/.next/dev/static/chunks/node_modules_next_dist_client_16lnmlo._.js:2680:13)
    at WebSocket.handleMessage (file://C:/Users/saminur muzaqi/OneDrive/Documents/Symmetrics/frontend/.next/dev/static/chunks/node_modules_next_dist_client_16lnmlo._.js:2325:17) (file://C:/Users/saminur muzaqi/OneDrive/Documents/Symmetrics/frontend/.next/dev/static/chunks/node_modules_next_dist_client_16lnmlo._.js:2774:21)
⨯ ./src/app/globals.css
Error evaluating Node.js code
CssSyntaxError: tailwindcss: C:\Users\saminur muzaqi\OneDrive\Documents\Symmetrics\frontend\src\app\globals.css:1:1: Cannot apply unknown utility class `btn-duo`
    [at Input.error (turbopack:///[project]/node_modules/postcss/lib/input.js:135:16)]
    [at Root.error (turbopack:///[project]/node_modules/postcss/lib/node.js:149:32)]
    [at Object.Once (C:\Users\saminur muzaqi\OneDrive\Documents\Symmetrics\frontend\node_modules\@tailwindcss\postcss\dist\index.js:10:6918)]
    [at async LazyResult.runAsync (turbopack:///[project]/node_modules/postcss/lib/lazy-result.js:293:11)]
    [at async transform (turbopack:///[turbopack-node]/transforms/postcss.ts:70:34)]
    [at async run (turbopack:///[turbopack-node]/child_process/evaluate.ts:89:23)]

Import trace:
  Client Component Browser:
    ./src/app/globals.css [Client Component Browser]
    ./src/app/layout.tsx [Server Component]


[browser] ./src/app/globals.css
Error evaluating Node.js code
CssSyntaxError: tailwindcss: C:\Users\saminur muzaqi\OneDrive\Documents\Symmetrics\frontend\src\app\globals.css:1:1: Cannot apply unknown utility class `btn-duo`
    [at Input.error (turbopack:///[project]/node_modules/postcss/lib/input.js:135:16)]
    [at Root.error (turbopack:///[project]/node_modules/postcss/lib/node.js:149:32)]
    [at Object.Once (C:\Users\saminur muzaqi\OneDrive\Documents\Symmetrics\frontend\node_modules\@tailwindcss\postcss\dist\index.js:10:6918)]
    [at async LazyResult.runAsync (turbopack:///[project]/node_modules/postcss/lib/lazy-result.js:293:11)]
    [at async transform (turbopack:///[turbopack-node]/transforms/postcss.ts:70:34)]
    [at async run (turbopack:///[turbopack-node]/child_process/evaluate.ts:89:23)]

Import trace:
  Client Component Browser:
    ./src/app/globals.css [Client Component Browser]
    ./src/app/layout.tsx [Server Component] 
    at handleErrors (file://C:/Users/saminur muzaqi/OneDrive/Documents/Symmetrics/frontend/.next/dev/static/chunks/node_modules_next_dist_client_16lnmlo._.js:2774:21)
    at processMessage (file://C:/Users/saminur muzaqi/OneDrive/Documents/Symmetrics/frontend/.next/dev/static/chunks/node_modules_next_dist_client_16lnmlo._.js:2835:28)
    at <unknown> (file://C:/Users/saminur muzaqi/OneDrive/Documents/Symmetrics/frontend/.next/dev/static/chunks/node_modules_next_dist_client_16lnmlo._.js:2680:13)
    at WebSocket.handleMessage (file://C:/Users/saminur muzaqi/OneDrive/Documents/Symmetrics/frontend/.next/dev/static/chunks/node_modules_next_dist_client_16lnmlo._.js:2325:17) (file://C:/Users/saminur muzaqi/OneDrive/Documents/Symmetrics/frontend/.next/dev/static/chunks/node_modules_next_dist_client_16lnmlo._.js:2774:21)
[browser] ./src/app/globals.css
Error evaluating Node.js code
CssSyntaxError: tailwindcss: C:\Users\saminur muzaqi\OneDrive\Documents\Symmetrics\frontend\src\app\globals.css:1:1: Cannot apply unknown utility class `btn-duo`
    [at Input.error (turbopack:///[project]/node_modules/postcss/lib/input.js:135:16)]
    [at Root.error (turbopack:///[project]/node_modules/postcss/lib/node.js:149:32)]
    [at Object.Once (C:\Users\saminur muzaqi\OneDrive\Documents\Symmetrics\frontend\node_modules\@tailwindcss\postcss\dist\index.js:10:6918)]
    [at async LazyResult.runAsync (turbopack:///[project]/node_modules/postcss/lib/lazy-result.js:293:11)]
    [at async transform (turbopack:///[turbopack-node]/transforms/postcss.ts:70:34)]
    [at async run (turbopack:///[turbopack-node]/child_process/evaluate.ts:89:23)]

Import trace:
  Client Component Browser:
    ./src/app/globals.css [Client Component Browser]
    ./src/app/layout.tsx [Server Component] 
    at handleErrors (file://C:/Users/saminur muzaqi/OneDrive/Documents/Symmetrics/frontend/.next/dev/static/chunks/node_modules_next_dist_client_16lnmlo._.js:2774:21)
    at processMessage (file://C:/Users/saminur muzaqi/OneDrive/Documents/Symmetrics/frontend/.next/dev/static/chunks/node_modules_next_dist_client_16lnmlo._.js:2835:28)
    at <unknown> (file://C:/Users/saminur muzaqi/OneDrive/Documents/Symmetrics/frontend/.next/dev/static/chunks/node_modules_next_dist_client_16lnmlo._.js:2680:13)
    at WebSocket.handleMessage (file://C:/Users/saminur muzaqi/OneDrive/Documents/Symmetrics/frontend/.next/dev/static/chunks/node_modules_next_dist_client_16lnmlo._.js:2325:17) (file://C:/Users/saminur muzaqi/OneDrive/Documents/Symmetrics/frontend/.next/dev/static/chunks/node_modules_next_dist_client_16lnmlo._.js:2774:21)
